"MeId","SensorId","Address","Latitude","Longitude","can_id","address_street","address_number","even_odd","street_block","street_block_full","area","block_id","Z","block_side"
"A1000050261B8F","694450ef-4138-42c4-9bc7-4d709f1adac0","3907 Benning Rd NE",38.89482,-76.94872,1,"Benning Rd NE","3907","odd","39","3900","Benning Rd NE/SE",1,0,"Benning Rd NE_3900_odd"
"A10000502617E8","3d34e94d-3ce5-4db5-8476-0604e4d4fa96","3908 Benning Rd NE",38.89477,-76.94809,2,"Benning Rd NE","3908","even","39","3900","Benning Rd NE/SE",2,1,"Benning Rd NE_3900_even"
"A1000050261F50","0271dbd2-051d-46c1-adda-d170b5ad2cc3","4837 Benning Rd SE",38.88202,-76.93344,3,"Benning Rd SE","4837","odd","48","4800","Benning Rd NE/SE",3,0,"Benning Rd SE_4800_odd"
"A1000050261F45","58c46c2d-fbb7-4ed0-bba0-ffe0e304f30c","1215 U St NW",38.91693,-77.02946,4,"U St NW","1215","odd","12","1200","U St NW",4,1,"U St NW_1200_odd"
"A1000050261EAA","1ad795c0-0477-42ab-b98c-3a77cd215348","407 H St NE",38.90018,-77.00018,5,"H St NE","407","odd","4","400","H St NE/Benning Rd NE",5,0,"H St NE_400_odd"
"A10000502617AB","45381291-f28f-4231-86cd-04b3f83ffb3d","500 H St NE",38.90028,-76.99934,6,"H St NE","500","even","5","500","H St NE/Benning Rd NE",6,0,"H St NE_500_even"
"A1000050261E1D","dfcc2e94-a0dc-4667-a9bc-e7f43f97b567","650 H St NE",38.90041,-76.99677,7,"H St NE","650","even","6","600","H St NE/Benning Rd NE",7,1,"H St NE_600_even"
"A1000050261E97","ba998fe3-20af-4cb6-8aac-1f486b08c029","801 H St NE",38.90015,-76.99468,8,"H St NE","801","odd","8","800","H St NE/Benning Rd NE",8,1,"H St NE_800_odd"
"A1000050261F65","f08d508b-060d-4688-8c2a-68d6eb58ccb0","800 6th St NE",38.90021,-76.99845,9,"6th St NE","800","even","8","800","H St NE/Benning Rd NE",9,0,"6th St NE_800_even"
"A1000050261830","304f473f-96f8-4ec5-9feb-1b527c096376","4600 Central Ave NE",38.89016,-76.9374,10,"Central Ave NE","4600","even","46","4600","E Capitol St",10,1,"Central Ave NE_4600_even"
"A1000050261B20","d8bba461-58a4-4e3d-8c98-c75cddf6a9d2","800 6th St NE",38.90036,-76.9983,11,"6th St NE","800","even","8","800","H St NE/Benning Rd NE",9,0,"6th St NE_800_even"
"A1000050261F32","bfc303b8-1a2f-4ad5-9768-67ba0a304fbe","610 H St NE",38.9004,-76.99751,12,"H St NE","610","even","6","600","H St NE/Benning Rd NE",7,1,"H St NE_600_even"
"A10000502617A0","5dd1ba0a-6440-4a80-a833-34b3c83c0f86","654 H St NE",38.90008,-76.99639,13,"H St NE","654","even","6","600","H St NE/Benning Rd NE",7,1,"H St NE_600_even"
"A1000050261DB5","24af0d79-7a7e-4a99-b7e9-b08fd1fd08cf","700 H St NE",38.90026,-76.99591,14,"H St NE","700","even","7","700","H St NE/Benning Rd NE",11,1,"H St NE_700_even"
"A1000050261831","76a8d3e5-a577-4f55-8326-2de63f238b36","630 H St NE",38.90003,-76.99713,15,"H St NE","630","even","6","600","H St NE/Benning Rd NE",7,1,"H St NE_600_even"
"A1000050261E89","9220d20d-f697-4df0-9193-b15ccc4438ff","732 4th St NE",38.90018,-77.00059,16,"4th St NE","732","even","7","700","H St NE/Benning Rd NE",12,0,"4th St NE_700_even"
"A1000050261F70","711d2be2-7cd5-46f2-88f0-c3fe91eab2de","800 H St NE",38.9004,-76.99483,17,"H St NE","800","even","8","800","H St NE/Benning Rd NE",13,0,"H St NE_800_even"
"A1000050261717","78d2cfdc-4b6b-4b7e-bfda-70a5d453522a","734 3rd St NE",38.90017,-77.00204,18,"3rd St NE","734","even","7","700","H St NE/Benning Rd NE",14,1,"3rd St NE_700_even"
"A10000502617F7","b329d10a-227e-4d33-8749-b0844b918a25","805 7th St NE",38.90043,-76.99614,19,"7th St NE","805","odd","8","800","H St NE/Benning Rd NE",15,0,"7th St NE_800_odd"
"A1000050261EE9","27eebcce-ad9c-4bed-8ccc-c4fe71791a6e","802 H St NE",38.90023,-76.99474,20,"H St NE","802","even","8","800","H St NE/Benning Rd NE",13,0,"H St NE_800_even"
"A1000050261F55","9930d834-d89d-4493-955f-021d56c48f34","4061 Benning Rd NE",38.89326,-76.94384,21,"Benning Rd NE","4061","odd","40","4000","Benning Rd NE/SE",16,1,"Benning Rd NE_4000_odd"
"A100005026171A","4fe9a23d-4ab8-44c7-b5ad-02cea2f084d9","1380 H St NE",38.90025,-76.98569,22,"H St NE","1380","even","13","1300","H St NE/Benning Rd NE",17,1,"H St NE_1300_even"
"A1000050261ED0","63d76f43-cd4f-4615-8ed7-19abc75b667f","2612 Connecticut Ave NW",38.92407,-77.05193,23,"Connecticut Ave NW","2612","even","26","2600","Connecticut Ave NW",18,1,"Connecticut Ave NW_2600_even"
"A1000050261EF9","44f7b7d1-45d3-4bd4-922e-1b4d2710e332","2029 Benning Rd NE",38.89842,-76.97447,24,"Benning Rd NE","2029","odd","20","2000","H St NE/Benning Rd NE",19,1,"Benning Rd NE_2000_odd"
"A1000050261F73","db7f0c2f-3e55-4059-a0ba-2f49ebd95ad1","4500 Benning Rd NE",38.89038,-76.93779,25,"Benning Rd NE","4500","even","45","4500","Benning Rd NE/SE",20,1,"Benning Rd NE_4500_even"
"A1000050261EF4","6e0f60b8-1e6b-4853-a5d6-44570f7de83f","1402 H St NE",38.90028,-76.9854,26,"H St NE","1402","even","14","1400","H St NE/Benning Rd NE",21,0,"H St NE_1400_even"
"A1000050261886","8375ca9b-7df8-4506-bf57-4b3c0ea112fc","4811 E Capitol St SE",38.8897,-76.9339,27,"E Capitol St SE","4811","odd","48","4800","E Capitol St",22,0,"E Capitol St SE_4800_odd"
"A1000050261726","6aa28a2b-6e94-4590-b2ed-5c3da8d1ebef","3000 Connecticut Ave NW",38.92952,-77.05505,28,"Connecticut Ave NW","3000","even","30","3000","Connecticut Ave NW",23,1,"Connecticut Ave NW_3000_even"
"A1000050261EA2","8f28761a-bbd0-4957-88a4-73f1eb4363eb","2009 Benning Rd NE",38.89853,-76.97506,29,"Benning Rd NE","2009","odd","20","2000","H St NE/Benning Rd NE",19,1,"Benning Rd NE_2000_odd"
"A1000050261F53","3db27f33-5dea-43fc-b98c-744ab5cc6c36","3219 Wisconsin Ave NW",38.9334127721177,-77.0723624779349,30,"Wisconsin Ave NW","3219","odd","32","3200","Wisconsin Ave NW",24,0,"Wisconsin Ave NW_3200_odd"
"A100005026178F","11ea87ef-b90d-42a6-beb0-6788ab8fe126","2731 Connecticut Ave NW",38.92656,-77.05323,31,"Connecticut Ave NW","2731","odd","27","2700","Connecticut Ave NW",25,1,"Connecticut Ave NW_2700_odd"
"A1000050261884","cbb5289d-1e5c-4456-92f6-6c69d71d1788","4433 Connecticut Ave NW",38.9466110241067,-77.0650074535131,32,"Connecticut Ave NW","4433","odd","44","4400","Connecticut Ave NW",26,0,"Connecticut Ave NW_4400_odd"
"A1000050261EEE","9f6351c2-8ead-456c-a76e-771f01882632","4656 Wisconsin Ave NW",38.9509988511143,-77.0808015015228,33,"Wisconsin Ave NW","4656","even","46","4600","Wisconsin Ave NW",27,0,"Wisconsin Ave NW_4600_even"
"A1000050261F3A","5f0c3d33-5552-4f4e-a9a9-7a7c038f50a7","3323 Wisconsin Ave NW",38.9345344269726,-77.0724237024678,34,"Wisconsin Ave NW","3323","odd","33","3300","Wisconsin Ave NW",28,0,"Wisconsin Ave NW_3300_odd"
"A1000050261EAB","cb4b007a-1359-4f75-a747-a7e310ca9f19","4237 Nannie Helen Burroughs Ave",38.90153,-76.942,35,"Nannie Helen Burroughs Ave","4237","odd","42","4200","Nannie Helen Burroughs Ave",29,0,"Nannie Helen Burroughs Ave_4200_odd"
"A1000050261722","79a7cf3a-8ceb-4836-978f-8c30b89373f4","3421 Wisconsin Ave NW",38.9354141750856,-77.0727800000067,36,"Wisconsin Ave NW","3421","odd","34","3400","Wisconsin Ave NW",30,1,"Wisconsin Ave NW_3400_odd"
"A100005026179E","61dd3789-2244-4570-88de-b9b45fcb4836","1501 U St NW",38.9169481009063,-77.0347022158699,37,"U St NW","1501","odd","15","1500","U St NW",31,0,"U St NW_1500_odd"
"A1000050261F07","ebe8a575-19cd-4aa9-b4be-fbb94a6b45c2","4935 Grant St NE",38.89841,-76.92931,38,"Grant St NE","4935","odd","49","4900","Nannie Helen Burroughs Ave",32,0,"Grant St NE_4900_odd"
"A1000050261F26","5f962f59-c116-4493-858f-e64ecfc290a7","2618 Connecticut Ave NW",38.9243,-77.05209,39,"Connecticut Ave NW","2618","even","26","2600","Connecticut Ave NW",18,1,"Connecticut Ave NW_2600_even"
"A1000050261F06","013e7e18-06b7-4891-91a8-dc054236a9f1","1314 H St NE",38.9003,-76.98769,40,"H St NE","1314","even","13","1300","H St NE/Benning Rd NE",17,1,"H St NE_1300_even"
"A1000050261EFB","c1b8c01c-69a5-4367-91d0-e020e4d8ee46","4519 Benning Rd SE",38.88928,-76.93751,41,"Benning Rd SE","4519","odd","45","4500","Benning Rd NE/SE",33,1,"Benning Rd SE_4500_odd"
"A1000050261E73","fefd30d2-b854-4dda-bd34-edab62c686a3","3401 Benning Rd NE",38.89658,-76.95725,42,"Benning Rd NE","3401","odd","34","3400","Benning Rd NE/SE",34,0,"Benning Rd NE_3400_odd"
"A1000050261EB0","4dc9bc72-bfe6-43db-9843-edd92cc22390","5601 Connecticut Ave NW",38.9654,-77.07576,43,"Connecticut Ave NW","5601","odd","56","5600","Connecticut Ave NW",35,1,"Connecticut Ave NW_5600_odd"
"A10000502617E5","0fa2c6af-e7f1-4f59-9884-e07460fade0d","1226 H St NE",38.90016,-76.98922,44,"H St NE","1226","even","12","1200","H St NE/Benning Rd NE",36,0,"H St NE_1200_even"
"A1000050261F63","b29d52e2-69cb-453a-a96c-f519ee79d036","5000 Wisconsin Ave NW",38.95485,-77.08285,45,"Wisconsin Ave NW","5000","even","50","5000","Wisconsin Ave NW",37,1,"Wisconsin Ave NW_5000_even"
"A1000050261F8F","9ce92127-6be4-4bcd-b616-1a20879c0aab","5018 Connecticut Ave NW",38.95522,-77.07013,46,"Connecticut Ave NW","5018","even","50","5000","Connecticut Ave NW",38,1,"Connecticut Ave NW_5000_even"
"A1000050261759","1f2d2cb8-694d-43e7-b41a-a0e1af76c939","2651 Benning Rd NE",38.89769,-76.97006,47,"Benning Rd NE","2651","odd","26","2600","H St NE/Benning Rd NE",39,1,"Benning Rd NE_2600_odd"
"A1000050261B37","9a47c169-dc54-4e9a-bf1c-e8f134293056","4239 Wisconsin Ave NW",38.94456,-77.07793,48,"Wisconsin Ave NW","4239","odd","42","4200","Wisconsin Ave NW",40,0,"Wisconsin Ave NW_4200_odd"
"A10000502617E3","47c63379-bf9f-47c9-a4d9-0a583de07040","4600 Connecticut Ave NW",38.9506014707505,-77.0671565228792,49,"Connecticut Ave NW","4600","even","46","4600","Connecticut Ave NW",41,0,"Connecticut Ave NW_4600_even"
"A1000050261776","fb32eb8f-c2d7-4511-9f24-2b4d94fd0ef6","4425 Wisconsin Ave NW",38.94712,-77.07933,50,"Wisconsin Ave NW","4425","odd","44","4400","Wisconsin Ave NW",42,1,"Wisconsin Ave NW_4400_odd"
"A1000050261796","1bd9bb60-5686-42b8-9cda-2f08d6abd2c1","332 H St NE",38.9002300652918,-77.0006186588895,51,"H St NE","332","even","3","300","H St NE/Benning Rd NE",43,0,"H St NE_300_even"
"A1000050261EF5","aed22851-f108-4afa-9d41-3a02a62a30b8","5312 Connecticut Ave NW",38.95987,-77.07278,52,"Connecticut Ave NW","5312","even","53","5300","Connecticut Ave NW",44,1,"Connecticut Ave NW_5300_even"
"A1000050261EE0","9b229f92-52fd-4001-acdb-5568bf921757","4483 Connecticut Ave NW",38.94775,-77.06542,53,"Connecticut Ave NW","4483","odd","44","4400","Connecticut Ave NW",26,0,"Connecticut Ave NW_4400_odd"
"A10000502617CB","cc9ab9a0-e3ef-4d7c-abff-65a33fbc46d5","4455 Connecticut Ave NW",38.94713,-77.06512,54,"Connecticut Ave NW","4455","odd","44","4400","Connecticut Ave NW",26,0,"Connecticut Ave NW_4400_odd"
"A1000050261BAF","d054042b-d57a-466e-8e61-8705f82e0047","1433 H St NE",38.9000942530674,-76.9840065889594,55,"H St NE","1433","odd","14","1400","H St NE/Benning Rd NE",45,1,"H St NE_1400_odd"
"A10000502617A3","e1370be1-06fb-4dce-92b5-ab08d292a94a","5247 Wisconsin Ave NW",38.95848,-77.08466,56,"Wisconsin Ave NW","5247","odd","52","5200","Wisconsin Ave NW",46,0,"Wisconsin Ave NW_5200_odd"
"A1000050261F28","2935a6cc-e280-452b-8e68-ae4149303aa9","4615 Benning Rd SE",38.88579,-76.9358,57,"Benning Rd SE","4615","odd","46","4600","Benning Rd NE/SE",47,1,"Benning Rd SE_4600_odd"
"A10000502617BC","03910fa6-0a8d-4ea1-a95f-cf1f3cb6e726","3000 Connecticut Ave NW",38.92984,-77.0553,58,"Connecticut Ave NW","3000","even","30","3000","Connecticut Ave NW",23,1,"Connecticut Ave NW_3000_even"
"A1000050261F78","51b801be-22e1-4895-ad3e-e77341738713","1536 U St NW",38.91693,-77.0363,59,"U St NW","1536","even","15","1500","U St NW",48,1,"U St NW_1500_even"
"A1000050261F17","e33275cf-70ca-4db3-92fe-0462c20e0c09","3512 Connecticut Ave NW",38.93632,-77.05887,60,"Connecticut Ave NW","3512","even","35","3500","Connecticut Ave NW",49,1,"Connecticut Ave NW_3500_even"
"A1000050261EBC","900961ff-9725-4c14-8795-114bf30a31b2","726 8th St NE",38.90009,-76.99509,61,"8th St NE","726","even","7","700","H St NE/Benning Rd NE",50,0,"8th St NE_700_even"
"A1000050261EB4","9aa7664c-4fa1-43b4-b812-15979e2aa096","3404 Connecticut Ave NW",38.9342,-77.05784,62,"Connecticut Ave NW","3404","even","34","3400","Connecticut Ave NW",51,0,"Connecticut Ave NW_3400_even"
"A1000050261F25","401c07d4-bc5f-4302-8432-30e139d07467","3420 Connecticut Ave NW",38.93497,-77.05828,63,"Connecticut Ave NW","3420","even","34","3400","Connecticut Ave NW",51,0,"Connecticut Ave NW_3400_even"
"A1000050261F12","2c531ca9-9631-4a02-8063-607d4c5dcc99","4935 Grant St NE",38.89825,-76.92951,64,"Grant St NE","4935","odd","49","4900","Nannie Helen Burroughs Ave",32,0,"Grant St NE_4900_odd"
"A100005026177D","4ee0f264-057d-47af-80a7-7474ca14bb41","1339 H St NE",38.90018,-76.98691,65,"H St NE","1339","odd","13","1300","H St NE/Benning Rd NE",52,1,"H St NE_1300_odd"
"A1000050261F3D","578c87a6-0935-4c4e-90c0-7802837eb3b4","5189 Grant St NE",38.89827,-76.92585,66,"Grant St NE","5189","odd","51","5100","Nannie Helen Burroughs Ave",53,0,"Grant St NE_5100_odd"
"A1000050261725","ed2a624e-bc8b-417b-8e34-9fbd27daf493","3900 Benning Rd NE",38.89499,-76.94875,67,"Benning Rd NE","3900","even","39","3900","Benning Rd NE/SE",2,1,"Benning Rd NE_3900_even"
"A1000050261F2B","b8f38bae-8ff1-4163-adbe-bef4da85691c","5036 E Capitol St NE",38.8899,-76.9284,68,"E Capitol St NE","5036","even","50","5000","E Capitol St",54,0,"E Capitol St NE_5000_even"
"A1000050261F5A","1ed2d8b1-a64b-4ddf-9e81-b2320f0ac09e","4427 Wisconsin Ave NW",38.9472,-77.07916,69,"Wisconsin Ave NW","4427","odd","44","4400","Wisconsin Ave NW",42,1,"Wisconsin Ave NW_4400_odd"
"A1000050261EB8","2a84bdd5-fe90-4bf5-9cc5-9737b4dcc6ff","3515 Wisconsin Ave NW",38.93718,-77.07362,70,"Wisconsin Ave NW","3515","odd","35","3500","Wisconsin Ave NW",55,1,"Wisconsin Ave NW_3500_odd"
"A1000050261F2C","b71e25fd-487d-459d-af42-b08332d4f55a","1318 U St NW",38.91687,-77.02983,71,"U St NW","1318","even","13","1300","U St NW",56,1,"U St NW_1300_even"
"A1000050261F22","39b132ec-4b7c-4abb-ae15-bd28027d42ee","4966 Benning Rd SE",38.87936,-76.93171,72,"Benning Rd SE","4966","even","49","4900","Benning Rd NE/SE",57,0,"Benning Rd SE_4900_even"
"A1000050261F0D","3a59b6f1-fe90-416e-9399-d5ac389c132a","4908 Nannie Helen Burroughs Ave",38.89867,-76.93142,73,"Nannie Helen Burroughs Ave","4908","even","49","4900","Nannie Helen Burroughs Ave",58,0,"Nannie Helen Burroughs Ave_4900_even"
"A1000050261F46","493be479-7eb0-4064-b34d-dafce010cb52","4551 Benning Rd SE",38.88809,-76.93672,74,"Benning Rd SE","4551","odd","45","4500","Benning Rd NE/SE",33,1,"Benning Rd SE_4500_odd"
"A100005026177A","7b9acba9-6511-4ffc-8669-d9a5ac5a78be","3000 Connecticut Ave NW",38.93003,-77.05515,75,"Connecticut Ave NW","3000","even","30","3000","Connecticut Ave NW",23,1,"Connecticut Ave NW_3000_even"
"A1000050261ED6","4f600036-e326-422d-874e-e148181a351a","4501 Connecticut Ave NW",38.94844,-77.06563,76,"Connecticut Ave NW","4501","odd","45","4500","Connecticut Ave NW",59,0,"Connecticut Ave NW_4500_odd"
"A1000050261EDA","db43a105-bd48-4a1e-9935-fc9d076037e8","401 H St NE",38.9002,-77.0005,77,"H St NE","401","odd","4","400","H St NE/Benning Rd NE",5,0,"H St NE_400_odd"
"A1000050261ECB","5741a5f8-9777-4258-ba0c-0ec0e5945ea9","4404 Wisconsin Ave NW",38.94695,-77.07928,78,"Wisconsin Ave NW","4404","even","44","4400","Wisconsin Ave NW",60,1,"Wisconsin Ave NW_4400_even"
"A1000050261F43","b626df79-9980-429f-aa41-24b42bfeb588","900 H St NE",38.90025,-76.99361,79,"H St NE","900","even","9","900","H St NE/Benning Rd NE",61,1,"H St NE_900_even"
"A1000050261F58","fdb0fe61-26f5-4584-a28a-3ca623bd78d3","1917 Benning Rd NE",38.89874,-76.9758,80,"Benning Rd NE","1917","odd","19","1900","H St NE/Benning Rd NE",62,0,"Benning Rd NE_1900_odd"
"A1000050261EA4","46635def-4972-45c3-be95-89b7a4beb69b","1605 Benning Rd NE",38.8996,-76.9813,81,"Benning Rd NE","1605","odd","16","1600","H St NE/Benning Rd NE",63,1,"Benning Rd NE_1600_odd"
"A10000438B4768","e5cd7360-b88b-4019-9127-095297b200d9","1001 U St NW",38.917104,-77.026165,82,"U St NW","1001","odd","10","1000","U St NW",64,0,"U St NW_1000_odd"
"A100005026171B","90285976-9698-4bd9-861f-0edd5bb6f418","5311 Connecticut Ave NW",38.95953,-77.07224,83,"Connecticut Ave NW","5311","odd","53","5300","Connecticut Ave NW",65,0,"Connecticut Ave NW_5300_odd"
"A1000050261782","ac662c34-c12e-4ab7-83da-17d5562feab3","1252 H St NE",38.90027,-76.98847,84,"H St NE","1252","even","12","1200","H St NE/Benning Rd NE",36,0,"H St NE_1200_even"
"A1000050261E10","7a21a544-c2bf-4030-89ee-138fabc369d6","4397 Nannie Helen Burroughs Ave",38.90043,-76.93905,85,"Nannie Helen Burroughs Ave","4397","odd","43","4300","Nannie Helen Burroughs Ave",66,0,"Nannie Helen Burroughs Ave_4300_odd"
"A1000050261EDB","dfa70471-566a-4071-920b-1814c7745a32","5804 E Capitol St NE",38.88988,-76.91766,86,"E Capitol St NE","5804","even","58","5800","E Capitol St",67,0,"E Capitol St NE_5800_even"
"A1000050261F36","3c18facf-2be8-4f6d-b144-1d345ebdd602","5520 Connecticut Ave NW",38.96364,-77.07498,87,"Connecticut Ave NW","5520","even","55","5500","Connecticut Ave NW",68,0,"Connecticut Ave NW_5500_even"
"A1000050261EB5","264a9d40-7973-4551-9f11-24bfa31bdf8b","2800 Connecticut Ave NW",38.92682,-77.05344,88,"Connecticut Ave NW","2800","even","28","2800","Connecticut Ave NW",69,0,"Connecticut Ave NW_2800_even"
"A1000050261823","358e8ca8-042e-4a33-b755-2c4d1d5b99c2","4801 Benning Rd SE",38.88265,-76.93414,89,"Benning Rd SE","4801","odd","48","4800","Benning Rd NE/SE",3,0,"Benning Rd SE_4800_odd"
"A1000050261F1F","fd389998-8168-4b01-ae95-2e128e85fbd2","5636 Connecticut Ave NW",38.96592,-77.07642,90,"Connecticut Ave NW","5636","even","56","5600","Connecticut Ave NW",70,1,"Connecticut Ave NW_5600_even"
"A10000502617D8","7d5e6c83-c857-4fba-98f0-32af4f0a4178","729 10th St NE",38.90002,-76.99275,91,"10th St NE","729","odd","7","700","H St NE/Benning Rd NE",71,0,"10th St NE_700_odd"
"A1000050261EA3","537b90b3-49d5-49bc-8a82-44a604aa0d92","1835 Benning Rd NE",38.89891,-76.97669,92,"Benning Rd NE","1835","odd","18","1800","H St NE/Benning Rd NE",72,1,"Benning Rd NE_1800_odd"
"A10000502617F0","c4e12759-c6f8-4920-99b5-4544cee5cfb0","4345 Wisconsin Ave NW",38.94637,-77.07873,93,"Wisconsin Ave NW","4345","odd","43","4300","Wisconsin Ave NW",73,0,"Wisconsin Ave NW_4300_odd"
"A1000050261EED","85fe9c00-2ee5-4d34-a63b-4874a512b693","1365 H St NE",38.90018,-76.98616,94,"H St NE","1365","odd","13","1300","H St NE/Benning Rd NE",52,1,"H St NE_1300_odd"
"A1000050261F16","3e536373-370e-43ea-a390-4b2190e12221","4420 Connecticut Ave NW",38.94719,-77.0655,95,"Connecticut Ave NW","4420","even","44","4400","Connecticut Ave NW",74,1,"Connecticut Ave NW_4400_even"
"A1000050261F4F","8908f858-062d-4fd9-a00e-5110c5d8f5ef","1647 Benning Rd NE",38.89935,-76.97987,96,"Benning Rd NE","1647","odd","16","1600","H St NE/Benning Rd NE",63,1,"Benning Rd NE_1600_odd"
"A10000502617D5","2c695986-7307-4867-8924-586820528703","3001 Wisconsin Ave NW",38.9293126700593,-77.0729896060298,97,"Wisconsin Ave NW","3001","odd","30","3000","Wisconsin Ave NW",75,0,"Wisconsin Ave NW_3000_odd"
"A1000050261853","a651fc65-cb3e-40ba-8248-4fddf554c455","2624 Connecticut Ave NW",38.92464,-77.05225,98,"Connecticut Ave NW","2624","even","26","2600","Connecticut Ave NW",18,1,"Connecticut Ave NW_2600_even"
"A1000050261F0A","d1f2b1fd-9326-404e-9a8f-5b142b9fce1e","4130 Wisconsin Ave NW",38.94153,-77.07623,99,"Wisconsin Ave NW","4130","even","41","4100","Wisconsin Ave NW",76,1,"Wisconsin Ave NW_4100_even"
"A1000050261785","a625e735-b74a-4aab-a144-639dc8e3e507","4550 Connecticut Ave NW",38.9499058525472,-77.0669356869494,100,"Connecticut Ave NW","4550","even","45","4500","Connecticut Ave NW",77,1,"Connecticut Ave NW_4500_even"
"A1000050261EB9","df0c13ea-2a92-4a7b-997c-65d262f43997","3001 Wisconsin Ave NW",38.92884,-77.07295,101,"Wisconsin Ave NW","3001","odd","30","3000","Wisconsin Ave NW",75,0,"Wisconsin Ave NW_3000_odd"
"A1000050261F5D","0db19d22-cb26-4e4d-ac7b-6c72941fd228","1803 Benning Rd NE",38.89899,-76.97743,102,"Benning Rd NE","1803","odd","18","1800","H St NE/Benning Rd NE",72,1,"Benning Rd NE_1800_odd"
"A1000050261B41","81deb98a-47c1-45e4-82b6-6ad7ca656ffe","5507 Connecticut Ave NW",38.9631452032172,-77.0744971135004,103,"Connecticut Ave NW","5507","odd","55","5500","Connecticut Ave NW",78,1,"Connecticut Ave NW_5500_odd"
"A1000050261F84","8c8217af-55d7-4067-91bd-6eb371bdde60","4445 Wisconsin Ave NW",38.9477,-77.07945,104,"Wisconsin Ave NW","4445","odd","44","4400","Wisconsin Ave NW",42,1,"Wisconsin Ave NW_4400_odd"
"A10000502617FC","104dae9f-7055-4c35-8587-71b01bb513a4","800 6th St NE",38.90029,-76.9984,105,"6th St NE","800","even","8","800","H St NE/Benning Rd NE",9,0,"6th St NE_800_even"
"A10000438B48B8","3f1eb737-08a7-4a46-ae4d-6b3c64bab791","1115 U St NW",38.917093,-77.02795,106,"U St NW","1115","odd","11","1100","U St NW",79,0,"U St NW_1100_odd"
"A10000438B486F","702a69d6-bc3a-448a-a835-6fd236a55702","1201 U St NW",38.91706,-77.02824,107,"U St NW","1201","odd","12","1200","U St NW",4,1,"U St NW_1200_odd"
"A10000438B484D","bcd879bb-89dd-42f5-9c5e-939a44d86ba5","1428 U St NW",38.91707,-77.0331,108,"U St NW","1428","even","14","1400","U St NW",80,1,"U St NW_1400_even"
"A100005026187D","2c1d6fd4-7071-40fb-ac30-7b6ec70a987e","1354 H St NE",38.90027,-76.98648,109,"H St NE","1354","even","13","1300","H St NE/Benning Rd NE",17,1,"H St NE_1300_even"
"A1000050261EE7","b05acf80-fdf5-45cb-b7e3-94d167891980","4707 Connecticut Ave NW",38.95154,-77.06779,110,"Connecticut Ave NW","4707","odd","47","4700","Connecticut Ave NW",81,0,"Connecticut Ave NW_4700_odd"
"A1000050261EA8","e1584072-027d-46c4-a448-b5d5b3370934","3131 Connecticut Ave NW",38.9314,-77.05619,111,"Connecticut Ave NW","3131","odd","31","3100","Connecticut Ave NW",82,0,"Connecticut Ave NW_3100_odd"
"A1000050261F56","10784460-9d58-444f-badc-8bd2d791dd86","4525 Benning Rd SE",38.88866,-76.93722,112,"Benning Rd SE","4525","odd","45","4500","Benning Rd NE/SE",33,1,"Benning Rd SE_4500_odd"
"A10000438B4873","33753030-2635-4971-bc3e-a1a220da4cf9","1359 U Street Northwest",38.917089,-77.031704,113,"U St NW","1359","odd","13","1300","U St NW",83,0,"U St NW_1300_odd"
"A100005026183E","0d81411d-5214-4944-a319-94e375a4e970","724 7th St NE",38.89992,-76.99627,114,"7th St NE","724","even","7","700","H St NE/Benning Rd NE",84,1,"7th St NE_700_even"
"A1000050261F40","5266e14e-19b5-460f-9e9d-ca876fd0164c","4723 Nannie Helen Burroughs Ave",38.89899,-76.93404,115,"Nannie Helen Burroughs Ave","4723","odd","47","4700","Nannie Helen Burroughs Ave",85,1,"Nannie Helen Burroughs Ave_4700_odd"
"A1000050261788","88188b24-895d-4526-923c-d93aadb2da73","1631 Benning Rd NE",38.89949,-76.98035,116,"Benning Rd NE","1631","odd","16","1600","H St NE/Benning Rd NE",63,1,"Benning Rd NE_1600_odd"
"A1000050261B9F","ed05ad1e-aa0f-4cf4-b345-bea9f98171b2","1653 Benning Rd NE",38.89957,-76.97962,117,"Benning Rd NE","1653","odd","16","1600","H St NE/Benning Rd NE",63,1,"Benning Rd NE_1600_odd"
"A1000050261EC6","b0376ec8-ae1c-4059-ab82-ab804a86a372","1704 Benning Rd NE",38.89948,-76.97903,118,"Benning Rd NE","1704","even","17","1700","H St NE/Benning Rd NE",86,0,"Benning Rd NE_1700_even"
"A1000050261F6C","d45a19ce-7aea-4301-afea-d0596ec2728d","3341 Benning Rd NE",38.8968312239829,-76.9602854227022,119,"Benning Rd NE","3341","odd","33","3300","Benning Rd NE/SE",87,0,"Benning Rd NE_3300_odd"
"A1000050261738","c26b02c7-699c-44fa-8e04-bfd7bd7e0628","1128 H St NE",38.90029,-76.99078,120,"H St NE","1128","even","11","1100","H St NE/Benning Rd NE",88,0,"H St NE_1100_even"
"A1000050261B34","710cec7b-ebdd-4445-8f12-f0e7f53f29e4","4319 Wisconsin Ave NW",38.94536,-77.07812,121,"Wisconsin Ave NW","4319","odd","43","4300","Wisconsin Ave NW",73,0,"Wisconsin Ave NW_4300_odd"
"A1000050261E9B","35e16b61-1724-4251-a5c6-be5da532a0af","4837 Benning Rd SE",38.88155,-76.9333,122,"Benning Rd SE","4837","odd","48","4800","Benning Rd NE/SE",3,0,"Benning Rd SE_4800_odd"
"A1000050261710","9d94a55c-0a9e-43a6-b2c5-fa9c8345b879","5625 E Capitol St SE",38.88963,-76.92186,123,"E Capitol St SE","5625","odd","56","5600","E Capitol St",89,0,"E Capitol St SE_5600_odd"
"A1000050261E9C","8e952ffb-529e-4f32-9c21-db740ceb3f4a","1442 U St NW",38.9169,-77.03438,124,"U St NW","1442","even","14","1400","U St NW",80,1,"U St NW_1400_even"
"A1000050261888","4e37d47b-c963-4da1-ac43-c6b5986bc773","3916 Yuma St NW",38.94604,-77.07877,125,"Yuma St NW","3916","even","39","3900","Wisconsin Ave NW",90,0,"Yuma St NW_3900_even"
"A100005026187F","135d16fa-ae95-4f24-8eca-cf09e4f70f5b","819 H St NE",38.90009,-76.99408,126,"H St NE","819","odd","8","800","H St NE/Benning Rd NE",8,1,"H St NE_800_odd"
"A1000050261F87","06f461b8-4801-4331-987c-db0d68981a60","1632 U St NW",38.916953093147,-77.0383072796139,127,"U St NW","1632","even","16","1600","U St NW",91,0,"U St NW_1600_even"
"A1000050261F14","6052cef1-3d69-4444-a35c-d85b5ad2a1c3","1740 Benning Rd NE",38.89926,-76.978,128,"Benning Rd NE","1740","even","17","1700","H St NE/Benning Rd NE",86,0,"Benning Rd NE_1700_even"
"A1000050261F34","60557707-a298-435c-8e67-f4ce3ae87ea1","5035 Connecticut Ave NW",38.95573,-77.07012,129,"Connecticut Ave NW","5035","odd","50","5000","Connecticut Ave NW",92,0,"Connecticut Ave NW_5000_odd"
"A1000050261F62","c535268e-2c40-4af6-8e5d-19ca4942d6b5","1815 Benning Rd NE",38.89895,-76.97714,130,"Benning Rd NE","1815","odd","18","1800","H St NE/Benning Rd NE",72,1,"Benning Rd NE_1800_odd"
"A1000050261EA0","84a71652-d634-4bc8-9007-2316b5d87dc9","1305 H St NE",38.900132,-76.988198,131,"H St NE","1305","odd","13","1300","H St NE/Benning Rd NE",52,1,"H St NE_1300_odd"
"A1000050261883","dfc2c19d-4876-4976-b05a-349f2607e4b2","4859 Nannie Helen Burroughs Ave",38.89854,-76.93189,132,"Nannie Helen Burroughs Ave","4859","odd","48","4800","Nannie Helen Burroughs Ave",93,0,"Nannie Helen Burroughs Ave_4800_odd"
"A1000050261843","c24b92a3-f37f-4da4-b82b-34fe97c9dbf8","724 7th St NE",38.89991,-76.99619,133,"7th St NE","724","even","7","700","H St NE/Benning Rd NE",84,1,"7th St NE_700_even"
"A1000050261DC2","4fc0d28a-a6b6-4edb-a55c-363c86672555","1025 H St NE",38.90022,-76.99166,134,"H St NE","1025","odd","10","1000","H St NE/Benning Rd NE",94,0,"H St NE_1000_odd"
"A1000050261F3C","0d3655e7-fc64-427b-8556-4f7d4b8e6b33","725 20th St NE",38.89864,-76.97543,135,"20th St NE","725","odd","7","700","H St NE/Benning Rd NE",95,1,"20th St NE_700_odd"
"A1000050261EA9","49565346-bfff-47c1-93dd-6b6ce91a97cb","4700 Wisconsin Ave NW",38.95118,-77.08096,136,"Wisconsin Ave NW","4700","even","47","4700","Wisconsin Ave NW",96,0,"Wisconsin Ave NW_4700_even"
"A1000050261F6A","4be7a9ed-2bf5-4aaf-a648-7cb2f4433d27","3133 Connecticut Ave NW",38.93191,-77.05636,137,"Connecticut Ave NW","3133","odd","31","3100","Connecticut Ave NW",82,0,"Connecticut Ave NW_3100_odd"
"A1000050261F23","bda9bf6b-e4b8-49c0-aaf9-8007f57ad74f","3000 Connecticut Ave NW",38.92994,-77.05544,138,"Connecticut Ave NW","3000","even","30","3000","Connecticut Ave NW",23,1,"Connecticut Ave NW_3000_even"
"A1000050261B83","28ae88da-0079-4f17-85e8-9c69bf114fcf","4801 Benning Rd SE",38.88264,-76.93403,139,"Benning Rd SE","4801","odd","48","4800","Benning Rd NE/SE",3,0,"Benning Rd SE_4800_odd"
"A1000050261889","ca9c3ab7-8b5c-458b-a946-d82c3fbcc8ac","4607 Benning Rd SE",38.88607,-76.9361,140,"Benning Rd SE","4607","odd","46","4600","Benning Rd NE/SE",47,1,"Benning Rd SE_4600_odd"
"A1000050261833","342db359-12ba-4238-a66f-e4de6d4916dc","4600 Wisconsin Ave NW",38.9499182277861,-77.0805334463544,141,"Wisconsin Ave NW","4600","even","46","4600","Wisconsin Ave NW",27,0,"Wisconsin Ave NW_4600_even"
"A1000050261799","5035fe67-6f7f-4d21-ab13-316a7c6532ce","3100 Connecticut Ave NW",38.93068,-77.05567,142,"Connecticut Ave NW","3100","even","31","3100","Connecticut Ave NW",97,0,"Connecticut Ave NW_3100_even"
"A100005026188C","cf7d219d-7d7e-499e-a9db-347e70e6c011","5500 Connecticut Ave NW",38.96329,-77.07476,143,"Connecticut Ave NW","5500","even","55","5500","Connecticut Ave NW",68,0,"Connecticut Ave NW_5500_even"
"A1000050261B7C","ad78bb46-acd4-4762-b037-3ade8f64ed0f","5333 Wisconsin Ave NW",38.95958,-77.08492,144,"Wisconsin Ave NW","5333","odd","53","5300","Wisconsin Ave NW",98,1,"Wisconsin Ave NW_5300_odd"
"A1000050261F7F","223362d0-0ec3-48ca-ba48-53759f755338","4202 Benning Rd NE",38.89293,-76.94247,145,"Benning Rd NE","4202","even","42","4200","Benning Rd NE/SE",99,0,"Benning Rd NE_4200_even"
"A1000050261DDA","f99cf60a-de39-42da-83bf-e1169fea1db6","5217 Grant St NE",38.89825,-76.92548,146,"Grant St NE","5217","odd","52","5200","Nannie Helen Burroughs Ave",100,1,"Grant St NE_5200_odd"
"A10000502617EB","c1eb7683-643b-4a96-a0b0-f38858577f00","2661 Connecticut Ave NW",38.9253363362593,-77.0524649210958,147,"Connecticut Ave NW","2661","odd","26","2600","Connecticut Ave NW",101,1,"Connecticut Ave NW_2600_odd"
"A100005026183C","86b38ad4-b71e-4f1a-87a0-03fcb9c32a40","1410 H St NE",38.90025,-76.9848,148,"H St NE","1410","even","14","1400","H St NE/Benning Rd NE",21,0,"H St NE_1400_even"
"A1000050261ECF","c0b8b23a-2a2b-48bb-894d-064c79e13725","3238 Wisconsin Ave NW",38.93337,-77.07251,149,"Wisconsin Ave NW","3238","even","32","3200","Wisconsin Ave NW",102,0,"Wisconsin Ave NW_3200_even"
"A1000050261ECE","b47ea11a-8374-42e8-8ddd-188bd676c4a5","5032 Benning Rd SE",38.87769,-76.93121,150,"Benning Rd SE","5032","even","50","5000","Benning Rd NE/SE",103,1,"Benning Rd SE_5000_even"
"A10000438B4861","4030db1c-f6e8-47a0-ba13-19d78e946901","905 U St NW",38.91716,-77.02428,151,"U St NW","905","odd","9","900","U St NW",104,0,"U St NW_900_odd"
"A1000050261EC0","3ef0af8f-00d9-46a7-9554-210cf053c5ce","3133 Connecticut Ave NW",38.9318,-77.05643,152,"Connecticut Ave NW","3133","odd","31","3100","Connecticut Ave NW",82,0,"Connecticut Ave NW_3100_odd"
"A1000050261F41","22f65c5e-30a8-40d7-ac4c-223b2fd3e9bf","5614 Connecticut Ave NW",38.96544,-77.07609,153,"Connecticut Ave NW","5614","even","56","5600","Connecticut Ave NW",70,1,"Connecticut Ave NW_5600_even"
"A1000050261F81","a087e11e-8fe4-4be8-9f73-406940db092c","5714 Connecticut Ave NW",38.96629,-77.07656,154,"Connecticut Ave NW","5714","even","57","5700","Connecticut Ave NW",105,0,"Connecticut Ave NW_5700_even"
"A1000050261E9F","a9900796-802a-4a3b-a57b-374ad0be3dce","332 H St NE",38.90026,-77.00079,155,"H St NE","332","even","3","300","H St NE/Benning Rd NE",43,0,"H St NE_300_even"
"A100005026189F","dc6a302a-449d-480b-8f6a-3fb4de94c980","3601 Wisconsin Ave NW",38.93755,-77.07397,156,"Wisconsin Ave NW","3601","odd","36","3600","Wisconsin Ave NW",106,1,"Wisconsin Ave NW_3600_odd"
"A1000050261EF0","ef398053-cd8c-4305-97c8-41d840aa885f","3206 Wisconsin Ave NW",38.932,-77.07275,157,"Wisconsin Ave NW","3206","even","32","3200","Wisconsin Ave NW",102,0,"Wisconsin Ave NW_3200_even"
"A100005026171D","0af1a066-9ff3-447d-8cab-440d1fb40594","3901 Connecticut Ave NW",38.93954,-77.06087,158,"Connecticut Ave NW","3901","odd","39","3900","Connecticut Ave NW",107,1,"Connecticut Ave NW_3900_odd"
"A10000502617A4","1afa810e-1185-45c7-8582-5c3e03161b5a","4201 Connecticut Ave NW",38.94335,-77.06319,159,"Connecticut Ave NW","4201","odd","42","4200","Connecticut Ave NW",108,0,"Connecticut Ave NW_4200_odd"
"A1000050261819","c8b6615e-4ee8-413e-b1a8-5731806efbd4","2025 Benning Rd NE",38.89845,-76.97456,160,"Benning Rd NE","2025","odd","20","2000","H St NE/Benning Rd NE",19,1,"Benning Rd NE_2000_odd"
"A1000050261894","0f6fe892-c5f4-4ffd-b56f-7ff9e060b6a2","4205 Nannie Helen Burroughs Ave",38.9017,-76.94232,161,"Nannie Helen Burroughs Ave","4205","odd","42","4200","Nannie Helen Burroughs Ave",29,0,"Nannie Helen Burroughs Ave_4200_odd"
"A1000050261848","48196f5b-d396-4ac5-8c4c-8151c2da9785","4007 Connecticut Ave NW",38.9412,-77.06192,162,"Connecticut Ave NW","4007","odd","40","4000","Connecticut Ave NW",109,0,"Connecticut Ave NW_4000_odd"
"A1000050261AD6","40e88595-69a5-4e0b-ac28-972078389577","1000 H St NE",38.90031,-76.99249,163,"H St NE","1000","even","10","1000","H St NE/Benning Rd NE",110,0,"H St NE_1000_even"
"A10000502617B5","19073c64-bdbb-4c09-b894-78ac85828820","4130 Wisconsin Ave NW",38.94203,-77.07625,164,"Wisconsin Ave NW","4130","even","41","4100","Wisconsin Ave NW",76,1,"Wisconsin Ave NW_4100_even"
"A100005026188B","4e8544de-a64f-4192-a25f-a296a000e517","4600 Central Ave NE",38.89013,-76.93752,165,"Central Ave NE","4600","even","46","4600","E Capitol St",10,1,"Central Ave NE_4600_even"
"A1000050261786","d6700a3b-50f8-4a08-aca8-78f8adc076c8","4325 Nannie Helen Burroughs Ave",38.90066,-76.93957,166,"Nannie Helen Burroughs Ave","4325","odd","43","4300","Nannie Helen Burroughs Ave",66,0,"Nannie Helen Burroughs Ave_4300_odd"
"A1000050261EF6","537c09d0-2aa9-4c22-b6e4-8a678ccb2741","4771 Nannie Helen Burroughs Ave",38.89877,-76.93348,167,"Nannie Helen Burroughs Ave","4771","odd","47","4700","Nannie Helen Burroughs Ave",85,1,"Nannie Helen Burroughs Ave_4700_odd"
"A1000050261F21","9c39c02e-323e-4a2e-ac83-86941ae20706","5625 E Capitol St SE",38.88966,-76.92225,168,"E Capitol St SE","5625","odd","56","5600","E Capitol St",89,0,"E Capitol St SE_5600_odd"
"A1000050261859","ab8bee5d-51f5-4e21-831a-bd21274872f9","5200 Wisconsin Ave NW",38.9572717121856,-77.0839908807376,169,"Wisconsin Ave NW","5200","even","52","5200","Wisconsin Ave NW",111,0,"Wisconsin Ave NW_5200_even"
"A1000050261F10","eff8fe55-7acf-4f3c-877e-a4062b719685","2701 Connecticut Ave NW",38.92573,-77.05291,170,"Connecticut Ave NW","2701","odd","27","2700","Connecticut Ave NW",25,1,"Connecticut Ave NW_2700_odd"
"A1000050261EB6","ba00284a-1949-4828-8afc-a5165e56b05f","4339 Connecticut Ave NW",38.9453,-77.06405,171,"Connecticut Ave NW","4339","odd","43","4300","Connecticut Ave NW",112,0,"Connecticut Ave NW_4300_odd"
"A1000050261F49","a7f3b8c6-d831-4676-9ad6-b9199d92c387","738 11th St NE",38.90005,-76.99146,172,"11th St NE","738","even","7","700","H St NE/Benning Rd NE",113,0,"11th St NE_700_even"
"A1000050261895","f04dbffc-69de-419b-9650-a8f588d3cd5f","5608 Connecticut Ave NW",38.96532,-77.07593,173,"Connecticut Ave NW","5608","even","56","5600","Connecticut Ave NW",70,1,"Connecticut Ave NW_5600_even"
"A1000050261F1E","c2df4c76-7187-4d84-9210-b264986d3540","2603 Connecticut Ave NW",38.92376,-77.0515,174,"Connecticut Ave NW","2603","odd","26","2600","Connecticut Ave NW",101,1,"Connecticut Ave NW_2600_odd"
"A1000050261ED8","5d90bcec-547e-4360-be8e-bccfc1f1d89a","3420 Connecticut Ave NW",38.93473,-77.05809,175,"Connecticut Ave NW","3420","even","34","3400","Connecticut Ave NW",51,0,"Connecticut Ave NW_3400_even"
"A100005026181B","aff0177a-53d1-48a8-bbf3-cc098867c66c","4423 Nannie Helen Burroughs Ave",38.89988,-76.93769,176,"Nannie Helen Burroughs Ave","4423","odd","44","4400","Nannie Helen Burroughs Ave",114,0,"Nannie Helen Burroughs Ave_4400_odd"
"A10000502617E4","b7d1a782-1ea4-4f4c-b054-d90656f162e1","4837 Benning Rd SE",38.88176,-76.93346,177,"Benning Rd SE","4837","odd","48","4800","Benning Rd NE/SE",3,0,"Benning Rd SE_4800_odd"
"A1000050261F51","b35a3ca3-d1dd-462f-be52-d47d411913af","5540 Connecticut Ave NW",38.96449,-77.07551,178,"Connecticut Ave NW","5540","even","55","5500","Connecticut Ave NW",68,0,"Connecticut Ave NW_5500_even"
"A1000050261F0E","7e0a3bfe-87f6-4f01-9928-d43632c1b688","610 H St NE",38.90036,-76.99796,179,"H St NE","610","even","6","600","H St NE/Benning Rd NE",7,1,"H St NE_600_even"
"A1000050261849","3decfc4c-13cf-4962-b127-eae0c04cb6b5","650 H St NE",38.90038,-76.99648,180,"H St NE","650","even","6","600","H St NE/Benning Rd NE",7,1,"H St NE_600_even"
"A1000050261EAC","08f1df1c-a64d-481b-8d5d-1a9c3fb14da4","1407 H St NE",38.9001,-76.98527,181,"H St NE","1407","odd","14","1400","H St NE/Benning Rd NE",45,1,"H St NE_1400_odd"
"A1000050261F05","06b10383-e069-43ef-a211-22b7e00b899d","4501 Benning Rd NE",38.89024,-76.9379,182,"Benning Rd NE","4501","odd","45","4500","Benning Rd NE/SE",115,0,"Benning Rd NE_4500_odd"
"A1000050261F0F","73a7f39f-f29d-4639-a677-310ea59cf99f","3500 Connecticut Ave NW",38.93581,-77.0586,183,"Connecticut Ave NW","3500","even","35","3500","Connecticut Ave NW",49,1,"Connecticut Ave NW_3500_even"
"A1000050261EDE","27e26d54-c522-4437-8c99-4d1a1e887fbb","3001 Wisconsin Ave NW",38.9291518044923,-77.0731488631763,184,"Wisconsin Ave NW","3001","odd","30","3000","Wisconsin Ave NW",75,0,"Wisconsin Ave NW_3000_odd"
"A1000050261F3F","a1f0df84-4d38-4b21-8b76-53b854484d82","4935 Grant St NE",38.89825,-76.92924,185,"Grant St NE","4935","odd","49","4900","Nannie Helen Burroughs Ave",32,0,"Grant St NE_4900_odd"
"A1000050261F8D","9f094f21-00ec-4b64-9030-73fdf481c2bb","1428 U St NW",38.9169579746081,-77.0333074343653,186,"U St NW","1428","even","14","1400","U St NW",80,1,"U St NW_1400_even"
"A1000050261ED1","abc35011-8136-4fe5-90d3-aa9fef96947c","4525 Benning Rd SE",38.88904,-76.9374,187,"Benning Rd SE","4525","odd","45","4500","Benning Rd NE/SE",33,1,"Benning Rd SE_4500_odd"
"A10000502618AC","38b340f4-55a8-4ee3-ae75-b57895895d14","3133 Connecticut Ave NW",38.93158,-77.05606,188,"Connecticut Ave NW","3133","odd","31","3100","Connecticut Ave NW",82,0,"Connecticut Ave NW_3100_odd"
"A1000050261F03","d9ac87cd-d508-4136-bd2c-05c8a710ad4a","5001 Connecticut Ave NW",38.9547853543109,-77.0697584257768,189,"Connecticut Ave NW","5001","odd","50","5000","Connecticut Ave NW",92,0,"Connecticut Ave NW_5000_odd"
"A10000502618B1","31b6f530-8fef-49b9-9176-16276e1027a0","4340 Connecticut Ave NW",38.94644,-77.06491,190,"Connecticut Ave NW","4340","even","43","4300","Connecticut Ave NW",116,1,"Connecticut Ave NW_4300_even"
"A1000050261E93","3737fc73-7a7c-4121-8eb4-1d9fff371a14","4801 Benning Rd SE",38.88293,-76.93434,191,"Benning Rd SE","4801","odd","48","4800","Benning Rd NE/SE",3,0,"Benning Rd SE_4800_odd"
"A1000050261F3E","08e00e05-c488-4cb3-9f0a-3442c3d074f0","4231 Wisconsin Ave NW",38.94386,-77.07728,192,"Wisconsin Ave NW","4231","odd","42","4200","Wisconsin Ave NW",40,0,"Wisconsin Ave NW_4200_odd"
"A1000050261BA5","655756ae-b442-4189-835f-55befe5c018c","3000 Connecticut Ave NW",38.92962,-77.05523,193,"Connecticut Ave NW","3000","even","30","3000","Connecticut Ave NW",23,1,"Connecticut Ave NW_3000_even"
"A1000050261826","859c8bc2-abb1-48c1-9881-68a1e7e8b214","1427 H St NE",38.9002720746322,-76.9845563264322,194,"H St NE","1427","odd","14","1400","H St NE/Benning Rd NE",45,1,"H St NE_1400_odd"
"A1000050261754","105c2e17-9627-4ceb-88c4-6face1f6ec20","2733 Connecticut Ave NW",38.9267,-77.05334,195,"Connecticut Ave NW","2733","odd","27","2700","Connecticut Ave NW",25,1,"Connecticut Ave NW_2700_odd"
"A1000050261854","01be33d6-d1d0-4ed5-ae3a-76ecb32f56f2","1830 Benning Rd NE",38.89903,-76.97654,196,"Benning Rd NE","1830","even","18","1800","H St NE/Benning Rd NE",117,0,"Benning Rd NE_1800_even"
"A1000050261BBB","32a9f3ee-a325-4a7f-be1a-7dd7710076d2","2655 Connecticut Ave NW",38.92501,-77.05243,197,"Connecticut Ave NW","2655","odd","26","2600","Connecticut Ave NW",101,1,"Connecticut Ave NW_2600_odd"
"A1000050261EFE","f7c110d3-e867-4b75-96ee-a0202a4c678b","4241 Benning Rd NE",38.89238,-76.94109,198,"Benning Rd NE","4241","odd","42","4200","Benning Rd NE/SE",118,1,"Benning Rd NE_4200_odd"
"A1000050261E72","59ddf3a6-81fd-4cf7-b9f5-d3be24d88ab8","3000 Connecticut Ave NW",38.9301,-77.05537,199,"Connecticut Ave NW","3000","even","30","3000","Connecticut Ave NW",23,1,"Connecticut Ave NW_3000_even"
"A1000050261F6F","34096649-b8bd-4255-affc-d88d0d78fe66","309 H St NE",38.90019,-77.00169,200,"H St NE","309","odd","3","300","H St NE/Benning Rd NE",119,1,"H St NE_300_odd"
"A1000050261ECA","05b67ae8-6fcd-4eab-b3cb-18181a21a7eb","4849 Wisconsin Ave NW",38.95304,-77.08191,201,"Wisconsin Ave NW","4849","odd","48","4800","Wisconsin Ave NW",120,1,"Wisconsin Ave NW_4800_odd"
"A1000050261EFD","3aecebe7-6318-4a06-abdf-2ba74c299a0c","5010 Benning Rd SE",38.87799,-76.93128,202,"Benning Rd SE","5010","even","50","5000","Benning Rd NE/SE",103,1,"Benning Rd SE_5000_even"
"A1000050261F4C","2543ddad-d78d-4c36-ab04-3df7562306e3","1915 Benning Rd NE",38.89872,-76.97589,203,"Benning Rd NE","1915","odd","19","1900","H St NE/Benning Rd NE",62,0,"Benning Rd NE_1900_odd"
"A1000050261F11","1b5985fd-f33a-4f8d-a134-5b4f55498015","5722 Grant St NE",38.89842,-76.91862,204,"Grant St NE","5722","even","57","5700","Nannie Helen Burroughs Ave",121,1,"Grant St NE_5700_even"
"A1000050261F94","1c5b8879-b595-4ee3-959b-db327622b314","1112 U St NW",38.91695,-77.02797,205,"U St NW","1112","even","11","1100","U St NW",122,1,"U St NW_1100_even"
"A1000050261736","9ed05156-a7e1-4f52-b719-ce47ffae576d","5701 E Capitol St SE",38.88969,-76.92098,206,"E Capitol St SE","5701","odd","57","5700","E Capitol St",123,1,"E Capitol St SE_5700_odd"
"A1000050261850","244c3529-cbc5-4d41-866f-bf81613dd91d","1523 Benning Rd NE",38.90009,-76.98311,207,"Benning Rd NE","1523","odd","15","1500","H St NE/Benning Rd NE",124,1,"Benning Rd NE_1500_odd"
"A1000050261816","b54e7727-72eb-42f5-ac39-dd25aa0e0819","5067 Grant St NE",38.89829,-76.92779,208,"Grant St NE","5067","odd","50","5000","Nannie Helen Burroughs Ave",125,0,"Grant St NE_5000_odd"
"A1000050261F67","4bdc8771-c586-4954-b2de-f2517c7a1a7c","4246 Benning Rd NE",38.89232,-76.9408,209,"Benning Rd NE","4246","even","42","4200","Benning Rd NE/SE",99,0,"Benning Rd NE_4200_even"
"A1000050261BC1","86f48683-3bb3-4b31-8fac-73bfba78a927","1653 Benning Rd NE",38.89938,-76.97964,210,"Benning Rd NE","1653","odd","16","1600","H St NE/Benning Rd NE",63,1,"Benning Rd NE_1600_odd"
"A1000050261B24","72870c76-d7e4-42e8-8b3b-c80edb464661","1255 H St NE",38.90016,-76.98849,211,"H St NE","1255","odd","12","1200","H St NE/Benning Rd NE",126,0,"H St NE_1200_odd"
"A1000050261EFF","9da51e1a-c8ae-4dcd-a8f5-570d75fac9db","4601 E Capitol St SE",38.88961,-76.93662,212,"E Capitol St SE","4601","odd","46","4600","E Capitol St",127,1,"E Capitol St SE_4600_odd"
"A10000502617EE","afaf1458-41a6-49b4-b224-7e6436194886","4225 Connecticut Ave NW",38.9439103584565,-77.0634538795823,213,"Connecticut Ave NW","4225","odd","42","4200","Connecticut Ave NW",108,0,"Connecticut Ave NW_4200_odd"
"A1000050261EC8","b27a2fdc-7104-47fc-b098-e7e26eaddb13","2101 Benning Rd NE",38.89854,-76.97392,214,"Benning Rd NE","2101","odd","21","2100","H St NE/Benning Rd NE",128,1,"Benning Rd NE_2100_odd"
"A10000502617EA","d0569f39-2cce-44a2-a940-0b26b1a3c8f4","1101 H St NE",38.90012,-76.99126,215,"H St NE","1101","odd","11","1100","H St NE/Benning Rd NE",129,1,"H St NE_1100_odd"
"A10000502617C7","e6670e7f-80b8-49da-8cf8-1346b93154c4","5006 E Capitol St NE",38.88989,-76.92981,216,"E Capitol St NE","5006","even","50","5000","E Capitol St",54,0,"E Capitol St NE_5000_even"
"A1000050261F6E","62c64c6a-42b7-4fde-b8f4-22688a90d743","3314 Wisconsin Ave NW",38.93363,-77.07253,217,"Wisconsin Ave NW","3314","even","33","3300","Wisconsin Ave NW",130,1,"Wisconsin Ave NW_3300_even"
"A1000050261F68","4c27905e-14a5-435f-9861-2ab83557384e","3000 Connecticut Ave NW",38.9298826664278,-77.055199912275,218,"Connecticut Ave NW","3000","even","30","3000","Connecticut Ave NW",23,1,"Connecticut Ave NW_3000_even"
"A10000502617BB","84c65918-0c01-4d34-9d80-32780d887be2","4901 Connecticut Ave NW",38.9538,-77.06904,219,"Connecticut Ave NW","4901","odd","49","4900","Connecticut Ave NW",131,1,"Connecticut Ave NW_4900_odd"
"A1000050261F72","54c78526-f6cd-41d3-a32c-419ac9e3238a","10 49th St SE",38.88956,-76.93204,220,"49th St SE","10","even","1","10","E Capitol St",132,1,"49th St SE_10_even"
"A10000502617EC","3675bc25-d7fb-4233-9403-469e009a64f4","5212 Grant St NE",38.89842,-76.9255,221,"Grant St NE","5212","even","52","5200","Nannie Helen Burroughs Ave",133,1,"Grant St NE_5200_even"
"A1000050261F59","4a754e46-59c9-4aa1-957c-516ee547fcc7","2605 Connecticut Ave NW",38.92389,-77.05167,222,"Connecticut Ave NW","2605","odd","26","2600","Connecticut Ave NW",101,1,"Connecticut Ave NW_2600_odd"
"A1000050261F54","1a9082c2-cfcb-45b5-8a9c-5d65b38e2282","5058 Benning Rd SE",38.8768,-76.93104,223,"Benning Rd SE","5058","even","50","5000","Benning Rd NE/SE",103,1,"Benning Rd SE_5000_even"
"A1000050261EDF","e0a9c091-36ae-4148-aeff-918f8fc1e756","4510 E Capitol St NE",38.88995,-76.93737,224,"E Capitol St NE","4510","even","45","4500","E Capitol St",134,0,"E Capitol St NE_4500_even"
"A100005026184F","a101a95e-2b06-4cdc-b39a-a8ff07786031","1200 H St NE",38.90033,-76.99009,225,"H St NE","1200","even","12","1200","H St NE/Benning Rd NE",36,0,"H St NE_1200_even"
"A10000502617B8","10467e20-57e3-4b42-b91a-fc389fb066a4","1009 H St NE",38.90017,-76.99222,226,"H St NE","1009","odd","10","1000","H St NE/Benning Rd NE",94,0,"H St NE_1000_odd"
"A1000050261EA6","b4549172-820c-47d8-97ef-1416cd4b3090","5100 Wisconsin Ave NW",38.95652,-77.0837,227,"Wisconsin Ave NW","5100","even","51","5100","Wisconsin Ave NW",135,1,"Wisconsin Ave NW_5100_even"
"A1000050261F13","a5bbe55f-8a28-4cf1-ba3b-866f048816dc","3100 Connecticut Ave NW",38.93025,-77.05537,228,"Connecticut Ave NW","3100","even","31","3100","Connecticut Ave NW",97,0,"Connecticut Ave NW_3100_even"
"A1000050261F47","81806d9c-98ce-42fe-a0d5-d0583b8a7689","1306 13th St NE",38.90029,-76.98824,229,"13th St NE","1306","even","13","1300","H St NE/Benning Rd NE",136,1,"13th St NE_1300_even"
"A10000502617A5","c6fd8f00-7bd7-4902-9d57-181dc7d8b705","3420 Connecticut Ave NW",38.93478,-77.05816,230,"Connecticut Ave NW","3420","even","34","3400","Connecticut Ave NW",51,0,"Connecticut Ave NW_3400_even"
"A1000050261F4A","732def84-c655-4cfd-8c23-1502901822d6","5101 Wisconsin Ave NW",38.95627,-77.08347,231,"Wisconsin Ave NW","5101","odd","51","5100","Wisconsin Ave NW",137,0,"Wisconsin Ave NW_5100_odd"
"A1000050261F75","6f6ca3d3-da8f-4773-86c0-22241b24e5ca","1602 U St NW",38.91698,-77.03687,232,"U St NW","1602","even","16","1600","U St NW",91,0,"U St NW_1600_even"
"A1000050261EC2","95c415b4-b6e0-4ce3-9120-3535b809e900","1327 H St NE",38.90015,-76.98725,233,"H St NE","1327","odd","13","1300","H St NE/Benning Rd NE",52,1,"H St NE_1300_odd"
"A1000050261EDD","9e164472-712d-4a30-a41c-49ceabf437f9","3217 Connecticut Ave NW",38.93295,-77.05698,234,"Connecticut Ave NW","3217","odd","32","3200","Connecticut Ave NW",138,1,"Connecticut Ave NW_3200_odd"
"A10000438B487F","06444b6b-37bc-4907-a67c-557fb624d928","1019 U St NW",38.917087,-77.026878,235,"U St NW","1019","odd","10","1000","U St NW",64,0,"U St NW_1000_odd"
"A1000050261F00","71a87c87-f353-4079-a3e0-9b47cd4d3d50","3615 Wisconsin Ave NW",38.93803,-77.07417,236,"Wisconsin Ave NW","3615","odd","36","3600","Wisconsin Ave NW",106,1,"Wisconsin Ave NW_3600_odd"
"A1000050261DF2","4fdabe9e-594b-4ae4-99c9-8484d5d557dc","5153 Grant St NE",38.89822,-76.9264,237,"Grant St NE","5153","odd","51","5100","Nannie Helen Burroughs Ave",53,0,"Grant St NE_5100_odd"
"A1000050261ED5","69e937da-d8d3-4db4-af2f-9a453a489f52","4401 Connecticut Ave NW",38.94555,-77.06417,238,"Connecticut Ave NW","4401","odd","44","4400","Connecticut Ave NW",26,0,"Connecticut Ave NW_4400_odd"
"A1000050261EBE","9d8419f5-0a2a-45c4-af11-c58f3252a85f","2828 Connecticut Ave NW",38.92775,-77.05402,239,"Connecticut Ave NW","2828","even","28","2800","Connecticut Ave NW",69,0,"Connecticut Ave NW_2800_even"
"A1000050261EF2","79117632-b714-4249-9f26-f67b86e8d204","726 8th St NE",38.90003,-76.995,240,"8th St NE","726","even","7","700","H St NE/Benning Rd NE",50,0,"8th St NE_700_even"
"A1000050261F42","44315e4d-a0d9-4265-8432-dfd6be4be51c","1523 Benning Rd NE",38.9002013257742,-76.9829197352892,241,"Benning Rd NE","1523","odd","15","1500","H St NE/Benning Rd NE",124,1,"Benning Rd NE_1500_odd"
"A1000050261F1D","30c2da9a-18f7-4cbf-b08c-e7f2007ac10e","2639 Connecticut Ave NW",38.92443,-77.0519,242,"Connecticut Ave NW","2639","odd","26","2600","Connecticut Ave NW",101,1,"Connecticut Ave NW_2600_odd"
"A1000050261EBF","a52ae82d-0916-4b30-aea8-ed279433498d","319 H St NE",38.9001,-77.00126,243,"H St NE","319","odd","3","300","H St NE/Benning Rd NE",119,1,"H St NE_300_odd"
"A1000050261836","809a3f51-5e99-4bfa-94b2-fc5ebfc17799","5600 E Capitol St NE",38.88986,-76.92117,244,"E Capitol St NE","5600","even","56","5600","E Capitol St",139,0,"E Capitol St NE_5600_even"
"A100005026184B","4eea4754-71ec-4c2a-b522-bd513d9ed7bf","3217 Connecticut Ave NW",38.93289,-77.05708,245,"Connecticut Ave NW","3217","odd","32","3200","Connecticut Ave NW",138,1,"Connecticut Ave NW_3200_odd"
"A1000050261F8A","bc91f17c-1706-4fb9-8f61-53aed6d760b9","610 H St NE",38.90033,-76.9978,246,"H St NE","610","even","6","600","H St NE/Benning Rd NE",7,1,"H St NE_600_even"
"A1000050261F64","c6215a04-c602-423b-87b9-587f29e445a0","420 H St NE",38.90026,-76.99963,247,"H St NE","420","even","4","400","H St NE/Benning Rd NE",140,0,"H St NE_400_even"
"A1000050261E14","42300b87-c91b-44e0-a2c2-73d147cdcaac","4433 Connecticut Ave NW",38.9465859237796,-77.0648328952187,248,"Connecticut Ave NW","4433","odd","44","4400","Connecticut Ave NW",26,0,"Connecticut Ave NW_4400_odd"
"A10000438B4765","25be0bf8-ec17-4d86-82d8-9f82dc8789c3","1442 U St NW",38.91707,-77.03432,249,"U St NW","1442","even","14","1400","U St NW",80,1,"U St NW_1400_even"
"A1000050261EA7","20b4b373-162c-4af5-ae71-af14a442ecb3","4530 Connecticut Ave NW",38.94938,-77.06652,250,"Connecticut Ave NW","4530","even","45","4500","Connecticut Ave NW",77,1,"Connecticut Ave NW_4500_even"
"A1000050261808","3b466556-7a37-4709-a5ae-9f876646a636","1234 H St NE",38.90028,-76.98915,251,"H St NE","1234","even","12","1200","H St NE/Benning Rd NE",36,0,"H St NE_1200_even"
"A1000050261ADB","9ee5b050-9fd1-427b-b6b0-6020a8de78c9","3220 Connecticut Ave NW",38.93332,-77.05715,252,"Connecticut Ave NW","3220","even","32","3200","Connecticut Ave NW",141,0,"Connecticut Ave NW_3200_even"
"A1000050261721","9b024494-5f0c-450a-a8d9-7b0f0dcfea8b","5546 Connecticut Ave NW",38.96478,-77.07562,253,"Connecticut Ave NW","5546","even","55","5500","Connecticut Ave NW",68,0,"Connecticut Ave NW_5500_even"
"A1000050261F44","b92c5fbc-9597-430b-8388-a7d18884c29e","738 11th St NE",38.89996,-76.99155,254,"11th St NE","738","even","7","700","H St NE/Benning Rd NE",113,0,"11th St NE_700_even"
"A1000050261EE6","3b8bd58e-3817-40b9-95ee-b902401884e6","3001 Wisconsin Ave NW",38.92962,-77.07292,255,"Wisconsin Ave NW","3001","odd","30","3000","Wisconsin Ave NW",75,0,"Wisconsin Ave NW_3000_odd"
"A1000050261855","2d696bed-9d69-49c3-91cf-cdd085454c78","4916 Wisconsin Ave NW",38.95406,-77.08249,256,"Wisconsin Ave NW","4916","even","49","4900","Wisconsin Ave NW",142,0,"Wisconsin Ave NW_4900_even"
"A1000050261F39","a259fb8c-eae7-4c55-a8dc-78a60491eb5b","4335 Benning Rd NE",38.89167,-76.93958,257,"Benning Rd NE","4335","odd","43","4300","Benning Rd NE/SE",143,1,"Benning Rd NE_4300_odd"
"A1000050261F57","ab4d8787-8aac-4eb9-bb16-b3942276de45","3433 Wisconsin Ave NW",38.93633,-77.07343,258,"Wisconsin Ave NW","3433","odd","34","3400","Wisconsin Ave NW",30,1,"Wisconsin Ave NW_3400_odd"
"A1000050261B50","96afed8c-575f-427d-aa28-6f98ad2b70a1","1611 Benning Rd NE",38.89954,-76.98101,259,"Benning Rd NE","1611","odd","16","1600","H St NE/Benning Rd NE",63,1,"Benning Rd NE_1600_odd"
"A1000050261EC4","91211d90-18a0-45e6-a556-e68036ce62d7","5247 Wisconsin Ave NW",38.95891,-77.08466,260,"Wisconsin Ave NW","5247","odd","52","5200","Wisconsin Ave NW",46,0,"Wisconsin Ave NW_5200_odd"
"A1000050261B2A","2bbc30ec-2dbd-4984-b2a8-8573b621df18","4904 E Capitol St NE",38.88989,-76.93182,261,"E Capitol St NE","4904","even","49","4900","E Capitol St",144,0,"E Capitol St NE_4900_even"
"A1000050261879","6d23084c-1e3e-4a1e-b61a-46325597748e","5221 E Capitol St SE",38.88967,-76.92593,262,"E Capitol St SE","5221","odd","52","5200","E Capitol St",145,1,"E Capitol St SE_5200_odd"
"A1000050261F20","c3ab8aa2-b4ce-4356-ab73-105ce9bbfca9","4754 Nannie Helen Burroughs Ave",38.89904,-76.93372,263,"Nannie Helen Burroughs Ave","4754","even","47","4700","Nannie Helen Burroughs Ave",146,1,"Nannie Helen Burroughs Ave_4700_even"
"A10000502617D7","ab3db497-2da3-45a8-981c-1c4f8624d2c6","4123 Connecticut Ave NW",38.943,-77.06268,264,"Connecticut Ave NW","4123","odd","41","4100","Connecticut Ave NW",147,0,"Connecticut Ave NW_4100_odd"
"A10000502618A5","25a0f69e-e56d-4038-bde2-4497f704db43","4801 Benning Rd SE",38.88238,-76.93404,265,"Benning Rd SE","4801","odd","48","4800","Benning Rd NE/SE",3,0,"Benning Rd SE_4800_odd"
"A1000050261DE3","22a289b6-145d-4c45-8b3f-72689358faf5","5500 Connecticut Ave NW",38.96318,-77.07467,266,"Connecticut Ave NW","5500","even","55","5500","Connecticut Ave NW",68,0,"Connecticut Ave NW_5500_even"
"A1000050261F37","05e6c522-b19a-45b2-a7b7-906a7413e08a","3407 Connecticut Ave NW",38.93463,-77.05784,267,"Connecticut Ave NW","3407","odd","34","3400","Connecticut Ave NW",148,0,"Connecticut Ave NW_3400_odd"
"A1000050261E71","4d007d73-d167-4fe8-bfc4-8fef98c7179a","630 H St NE",38.9001,-76.9972,268,"H St NE","630","even","6","600","H St NE/Benning Rd NE",7,1,"H St NE_600_even"
"A1000050261EBA","ec5200c1-3000-4027-81b2-89da09fa2742","3000 Connecticut Ave NW",38.93,-77.05541,269,"Connecticut Ave NW","3000","even","30","3000","Connecticut Ave NW",23,1,"Connecticut Ave NW_3000_even"
"A1000050261B81","e79bee31-b02f-498a-8a66-a28fb7e144ff","5421 E Capitol St SE",38.88969,-76.92308,270,"E Capitol St SE","5421","odd","54","5400","E Capitol St",149,1,"E Capitol St SE_5400_odd"
"A1000050261810","a6a06232-d530-4027-a333-e1280131b880","410 H St NE",38.90022,-77.00007,271,"H St NE","410","even","4","400","H St NE/Benning Rd NE",140,0,"H St NE_400_even"
"A10000502618BE","97a23323-6569-4b84-964f-f7c61fe6b76c","3000 Connecticut Ave NW",38.92965,-77.05518,272,"Connecticut Ave NW","3000","even","30","3000","Connecticut Ave NW",23,1,"Connecticut Ave NW_3000_even"
"A1000050261B63","c51e4243-5bbe-4ae5-b9ed-f08417e07f55","5700 E Capitol St NE",38.8898571926923,-76.9195975326484,273,"E Capitol St NE","5700","even","57","5700","E Capitol St",150,1,"E Capitol St NE_5700_even"
"A1000050261EAD","8c03f4d4-1db0-46a4-b335-fe31f0b539f9","5721 Nannie Helen Burroughs Ave NE",38.89826,-76.91801,274,"Nannie Helen Burroughs Ave","5721","odd","57","5700","Nannie Helen Burroughs Ave",151,1,"Nannie Helen Burroughs Ave_5700_odd"
"A10000502617A8","3dd085ad-4eeb-4d16-b798-4a8347d3e1b7","4561 Wisconsin Ave NW",38.9494739682156,-77.0801653505113,275,"Wisconsin Ave NW","4561","odd","45","4500","Wisconsin Ave NW",152,0,"Wisconsin Ave NW_4500_odd"
"A1000050261F31","096d72f6-dd54-4bdb-a07d-51fc8ed0ada4","4820 Benning Rd SE",38.88051,-76.93242,276,"Benning Rd SE","4820","even","48","4800","Benning Rd NE/SE",153,0,"Benning Rd SE_4800_even"
"A1000050261E8C","4b3d4b7d-2bbd-40ad-9a00-88389ed69d4c","5002 Connecticut Ave NW",38.95501,-77.06992,277,"Connecticut Ave NW","5002","even","50","5000","Connecticut Ave NW",38,1,"Connecticut Ave NW_5000_even"
"A1000050261795","93ef7e40-d263-4042-82fc-ce53b4996235","900 U St NW",38.91688,-77.02434,278,"U St NW","900","even","9","900","U St NW",154,0,"U St NW_900_even"
"A1000050261B94","839a79eb-9247-407d-8039-0a765e5f0905","4501 Benning Rd NE",38.89003,-76.93781,279,"Benning Rd NE","4501","odd","45","4500","Benning Rd NE/SE",115,0,"Benning Rd NE_4500_odd"
"A1000050261F1A","b3bd5d3b-45f2-48c9-8787-71d41961789c","1442 U St NW",38.91696,-77.03394,280,"U St NW","1442","even","14","1400","U St NW",80,1,"U St NW_1400_even"
"A1000050261F2F","6be67b14-eecf-4614-bda7-9db2f39de183","4400 Benning Rd NE",38.89144,-76.93896,281,"Benning Rd NE","4400","even","44","4400","Benning Rd NE/SE",155,0,"Benning Rd NE_4400_even"
"A1000050261F18","1b67070c-f88a-49be-8b62-bf5931f1d1d4","2901 Connecticut Ave NW",38.9281551745154,-77.054154227026,282,"Connecticut Ave NW","2901","odd","29","2900","Connecticut Ave NW",156,1,"Connecticut Ave NW_2900_odd"
"A1000050261EF7","57ca6cbe-abca-497d-8010-dfffad792a35","5123 Grant St NE",38.89825,-76.92689,283,"Grant St NE","5123","odd","51","5100","Nannie Helen Burroughs Ave",53,0,"Grant St NE_5100_odd"
"A1000050261745","1ff9eb7e-4a69-4d3a-b71d-f370f29d4432","1702 U St NW",38.91704472314,-77.0383884396107,284,"U St NW","1702","even","17","1700","U St NW",157,0,"U St NW_1700_even"
"A1000050261F2E","a2384b89-7712-425f-9e83-f63ef3b6507d","4120 Ellicott St NW",38.95324,-77.08172,285,"Ellicott St NW","4120","even","41","4100","Wisconsin Ave NW",158,1,"Ellicott St NW_4100_even"
"A1000050261E98","97c11f76-7c8a-412b-b12f-00d9d4bc0a33","3930 Benning Rd NE",38.89451,-76.94801,286,"Benning Rd NE","3930","even","39","3900","Benning Rd NE/SE",2,1,"Benning Rd NE_3900_even"
"A10000502617D0","f985e0b0-7e71-4a82-ab72-02135f429925","4430 Benning Rd NE",38.89056,-76.93793,287,"Benning Rd NE","4430","even","44","4400","Benning Rd NE/SE",155,0,"Benning Rd NE_4400_even"
"A1000050261F0C","7a919db3-09c1-4f99-ba5f-24829b3bb284","4701 Benning Rd SE",38.88362,-76.93484,288,"Benning Rd SE","4701","odd","47","4700","Benning Rd NE/SE",159,0,"Benning Rd SE_4700_odd"
"A1000050261770","54a65b63-454e-4c18-937e-401cf12323de","1513 U St NW",38.9170693945011,-77.0350165029739,289,"U St NW","1513","odd","15","1500","U St NW",31,0,"U St NW_1500_odd"
"A1000050261EA1","00b666c2-ac7d-436a-af42-366dafd0852e","4510 E Capitol St NE",38.88993,-76.93666,290,"E Capitol St NE","4510","even","45","4500","E Capitol St",134,0,"E Capitol St NE_4500_even"
"A1000050261DC5","cd4ef7ec-570a-4e93-b01f-5f2e80909df0","3430 Connecticut Ave NW",38.9351,-77.05839,291,"Connecticut Ave NW","3430","even","34","3400","Connecticut Ave NW",51,0,"Connecticut Ave NW_3400_even"
"A1000050261F38","5d214993-3a3a-45e0-82d7-7525f18b3aa0","5520 Connecticut Ave NW",38.96391,-77.07507,292,"Connecticut Ave NW","5520","even","55","5500","Connecticut Ave NW",68,0,"Connecticut Ave NW_5500_even"
"A1000050261E9D","e35b1061-bd76-43be-bad2-dc70be69e9b4","624 55th St NE",38.89825,-76.92219,293,"55th St NE","624","even","6","600","Nannie Helen Burroughs Ave",160,0,"55th St NE_600_even"
"A1000050261EFC","44f3b45f-761c-4e7b-a475-30458830e8ce","5401 Connecticut Ave NW",38.96112,-77.0733,294,"Connecticut Ave NW","5401","odd","54","5400","Connecticut Ave NW",161,1,"Connecticut Ave NW_5400_odd"
"A1000050261ED3","e97e9d6e-d38a-4b93-b377-f45ec5daacb6","5004 Benning Rd SE",38.87834,-76.9314,295,"Benning Rd SE","5004","even","50","5000","Benning Rd NE/SE",103,1,"Benning Rd SE_5000_even"
"A1000050261F4D","471610cd-924e-424b-b0f9-0a35b0e45bb1","3746 Connecticut Ave NW",38.93899,-77.0603,296,"Connecticut Ave NW","3746","even","37","3700","Connecticut Ave NW",162,1,"Connecticut Ave NW_3700_even"
"A1000050261B1C","b297a83c-5fc8-41d0-ae0f-1461273e1ade","5100 Connecticut Ave NW",38.95607,-77.07057,297,"Connecticut Ave NW","5100","even","51","5100","Connecticut Ave NW",163,1,"Connecticut Ave NW_5100_even"
"A1000050261F33","fe017add-c938-4739-af43-179e408e6d89","1128 H St NE",38.90028,-76.99042,298,"H St NE","1128","even","11","1100","H St NE/Benning Rd NE",88,0,"H St NE_1100_even"
"A1000050261B30","3e12ad55-4a26-4d15-b7ac-2a01008fcf09","5319 E Capitol St SE",38.88967,-76.92535,299,"E Capitol St SE","5319","odd","53","5300","E Capitol St",164,1,"E Capitol St SE_5300_odd"
"A1000050261EAE","3c6cc080-5b14-478c-a75f-29986aca206a","3310 Connecticut Ave NW",38.9338,-77.05756,300,"Connecticut Ave NW","3310","even","33","3300","Connecticut Ave NW",165,1,"Connecticut Ave NW_3300_even"
"A1000050261862","6528595e-3521-431d-8af9-27452f7f7da7","2651 Benning Rd NE",38.89794,-76.97005,301,"Benning Rd NE","2651","odd","26","2600","H St NE/Benning Rd NE",39,1,"Benning Rd NE_2600_odd"
"A100005026184A","67647960-3842-4261-b8d0-3c4f36285d53","1625 Benning Rd NE",38.89976,-76.98042,302,"Benning Rd NE","1625","odd","16","1600","H St NE/Benning Rd NE",63,1,"Benning Rd NE_1600_odd"
"A10000502617D2","593e1e48-b1b8-46bd-a682-4e32678e28fa","4200 Wisconsin Ave NW",38.94354,-77.07748,303,"Wisconsin Ave NW","4200","even","42","4200","Wisconsin Ave NW",166,1,"Wisconsin Ave NW_4200_even"
"A1000050261F2D","44f14433-8238-49c8-bea0-666c719e2550","4304 Connecticut Ave NW",38.94571,-77.06446,304,"Connecticut Ave NW","4304","even","43","4300","Connecticut Ave NW",116,1,"Connecticut Ave NW_4300_even"
"A1000050261EC5","8d879048-4868-4731-a5c0-6f3505c88340","726 8th St NE",38.89993,-76.99503,305,"8th St NE","726","even","7","700","H St NE/Benning Rd NE",50,0,"8th St NE_700_even"
"A100005026185D","e0b43a75-0d61-417b-95cd-5a66da3208d7","3325 Connecticut Ave NW",38.93421,-77.05751,306,"Connecticut Ave NW","3325","odd","33","3300","Connecticut Ave NW",167,0,"Connecticut Ave NW_3300_odd"
"A1000050261813","536f59e8-5d73-47e8-859c-53ef0d39750b","3000 Connecticut Ave NW",38.92974,-77.05534,307,"Connecticut Ave NW","3000","even","30","3000","Connecticut Ave NW",23,1,"Connecticut Ave NW_3000_even"
"A1000050261F08","6addb142-0934-4f08-87d8-6f91561b6a84","5608 Connecticut Ave NW",38.96519,-77.07585,308,"Connecticut Ave NW","5608","even","56","5600","Connecticut Ave NW",70,1,"Connecticut Ave NW_5600_even"
"A1000050261825","0327c8f3-635f-41d3-a2c3-87d4055aec12","2653 Connecticut Ave NW",38.92484,-77.05205,309,"Connecticut Ave NW","2653","odd","26","2600","Connecticut Ave NW",101,1,"Connecticut Ave NW_2600_odd"
"A100005026171C","44c9b83b-e163-41d5-b227-781e7c615ffe","5183 Connecticut Ave NW",38.95765,-77.07113,310,"Connecticut Ave NW","5183","odd","51","5100","Connecticut Ave NW",168,0,"Connecticut Ave NW_5100_odd"
"A1000050261E95","5ff45a03-ca58-4867-958c-a9769ddf9ca6","2854 Connecticut Ave NW",38.9280015354713,-77.0542032296039,311,"Connecticut Ave NW","2854","even","28","2800","Connecticut Ave NW",69,0,"Connecticut Ave NW_2800_even"
"A100005026189C","60a813f0-62f5-460e-943c-856b294750aa","3701 Connecticut Ave NW",38.93826,-77.05996,312,"Connecticut Ave NW","3701","odd","37","3700","Connecticut Ave NW",169,0,"Connecticut Ave NW_3700_odd"
"A1000050261802","5766e68d-5002-4628-a254-c3df7307b672","3206 Wisconsin Ave NW",38.93175,-77.07255,313,"Wisconsin Ave NW","3206","even","32","3200","Wisconsin Ave NW",102,0,"Wisconsin Ave NW_3200_even"
"A1000050261720","b2ed5767-6ba0-47c1-b02b-989be3575c03","1408 U St NW",38.916934094464,-77.0321849343855,314,"U St NW","1408","even","14","1400","U St NW",80,1,"U St NW_1400_even"
"A100005026177E","d93f73b8-ca9e-4326-a078-9fd48ba914fe","3600 Connecticut Ave NW",38.93715,-77.0593,315,"Connecticut Ave NW","3600","even","36","3600","Connecticut Ave NW",170,1,"Connecticut Ave NW_3600_even"
"A100005026184E","c9f94f3c-1d8f-4e5e-8c0b-a282c1bd61aa","1536 U St NW",38.91702,-77.0363,316,"U St NW","1536","even","15","1500","U St NW",48,1,"U St NW_1500_even"
"A1000050261B52","c522932e-f5bc-4e34-93b4-c711f03a260c","3417 Connecticut Ave NW",38.93479,-77.05794,317,"Connecticut Ave NW","3417","odd","34","3400","Connecticut Ave NW",148,0,"Connecticut Ave NW_3400_odd"
"A1000050261F48","4a3e964f-7b33-4805-9d1b-bacbc244ffd3","4849 Connecticut Ave NW",38.95344,-77.0691,318,"Connecticut Ave NW","4849","odd","48","4800","Connecticut Ave NW",171,0,"Connecticut Ave NW_4800_odd"
"A100005026170B","fa057d1c-4298-4d78-a565-ba67553a3149","808 14th St NE",38.90026,-76.98558,319,"14th St NE","808","even","8","800","H St NE/Benning Rd NE",172,1,"14th St NE_800_even"
"A1000050261DE6","86c781c3-553a-435b-9f1a-c77da6725bf9","2101 Benning Rd NE",38.89839,-76.97398,320,"Benning Rd NE","2101","odd","21","2100","H St NE/Benning Rd NE",128,1,"Benning Rd NE_2100_odd"
"A1000050261F82","8d8872d9-5879-4127-a8eb-cf16093462b9","2701 Connecticut Ave NW",38.92564,-77.05261,321,"Connecticut Ave NW","2701","odd","27","2700","Connecticut Ave NW",25,1,"Connecticut Ave NW_2700_odd"
"A1000050261B40","be85da29-a846-476a-ba51-cb5f92d405e9","4936 Wisconsin Ave NW",38.95452,-77.08233,322,"Wisconsin Ave NW","4936","even","49","4900","Wisconsin Ave NW",142,0,"Wisconsin Ave NW_4900_even"
"A100005026177F","2a9d27ca-b031-41d2-bcd9-f8063bc74c27","3317 Connecticut Ave NW",38.93398,-77.05741,323,"Connecticut Ave NW","3317","odd","33","3300","Connecticut Ave NW",167,0,"Connecticut Ave NW_3300_odd"
"A1000050261F5B","03fb9eb1-f4fc-4e69-b631-f6f5952d024a","4683 Nannie Helen Burroughs Ave",38.89899,-76.93449,324,"Nannie Helen Burroughs Ave","4683","odd","46","4600","Nannie Helen Burroughs Ave",173,1,"Nannie Helen Burroughs Ave_4600_odd"
"A1000050261F3B","c7919fe1-7c43-4dfd-b84c-f5d08364f9b7","5192 Grant St NE",38.89847,-76.92574,325,"Grant St NE","5192","even","51","5100","Nannie Helen Burroughs Ave",174,1,"Grant St NE_5100_even"
"A100005026181C","e5e6898e-3ef6-4eee-a97e-e5cff9829a04","5328 Connecticut Ave NW",38.96083,-77.07308,326,"Connecticut Ave NW","5328","even","53","5300","Connecticut Ave NW",44,1,"Connecticut Ave NW_5300_even"
"A1000050261F1C","15fad236-0818-4b23-9e5f-41bd76239add","1500 Benning Rd NE",38.89991,-76.98122,327,"Benning Rd NE","1500","even","15","1500","H St NE/Benning Rd NE",175,1,"Benning Rd NE_1500_even"
"A1000050261F01","bc097dc3-3841-4ec5-851b-b0ed4eba608e","5516 Grant St NE",38.89841,-76.92168,328,"Grant St NE","5516","even","55","5500","Nannie Helen Burroughs Ave",176,1,"Grant St NE_5500_even"
"A100005026173C","8b9ddbef-d3d7-43ce-99ab-76307e940709","1536 U St NW",38.91694,-77.03623,329,"U St NW","1536","even","15","1500","U St NW",48,1,"U St NW_1500_even"
"A1000050261EF8","403717ec-01ec-48f7-8b2b-85a21f73d65c","5013 Connecticut Ave NW",38.95521,-77.0698,330,"Connecticut Ave NW","5013","odd","50","5000","Connecticut Ave NW",92,0,"Connecticut Ave NW_5000_odd"
"A1000050261EEA","c8e00d2f-9973-499d-93f8-d1d044c4213a","1513 U St NW",38.91705,-77.03508,331,"U St NW","1513","odd","15","1500","U St NW",31,0,"U St NW_1500_odd"
"A1000050261F15","a5c19133-5199-49ab-a9ef-dbfbb28df024","1330 U St NW",38.9169475053901,-77.030943744106,332,"U St NW","1330","even","13","1300","U St NW",56,1,"U St NW_1300_even"
"A1000050261998","1ffbc1c6-355d-402e-a62e-0ba792268383","802 9th St NE",38.90036,-76.9938,333,"9th St NE","802","even","8","800","H St NE/Benning Rd NE",177,1,"9th St NE_800_even"
"A1000050261F02","de722f6b-de35-4667-9b5d-1d2d2a633361","4215 Connecticut Ave NW",38.94351,-77.06306,334,"Connecticut Ave NW","4215","odd","42","4200","Connecticut Ave NW",108,0,"Connecticut Ave NW_4200_odd"
"A100005026180B","218f3a1c-8212-4c42-a151-2aca76cfbb61","4701 Connecticut Ave NW",38.95094,-77.0676,335,"Connecticut Ave NW","4701","odd","47","4700","Connecticut Ave NW",81,0,"Connecticut Ave NW_4700_odd"
"A10000502618A3","80975f3e-0a6c-430f-81f9-30182e2bcd57","5154 Wisconsin Ave NW",38.95685,-77.08389,336,"Wisconsin Ave NW","5154","even","51","5100","Wisconsin Ave NW",135,1,"Wisconsin Ave NW_5100_even"
"A1000050261DE7","043e1121-9c7b-4ba1-8af1-34e87f96b17a","1910 Benning Rd NE",38.89895,-76.97599,337,"Benning Rd NE","1910","even","19","1900","H St NE/Benning Rd NE",178,0,"Benning Rd NE_1900_even"
"A1000050261EB7","fd5a4ac9-2d9b-4053-bad9-49fb546ba290","4500 Benning Rd NE",38.8902,-76.93768,338,"Benning Rd NE","4500","even","45","4500","Benning Rd NE/SE",20,1,"Benning Rd NE_4500_even"
"A1000050261BA2","e3df233b-f87e-48f7-930a-5cb19ba35984","1353 H St NE",38.90011,-76.9866,339,"H St NE","1353","odd","13","1300","H St NE/Benning Rd NE",52,1,"H St NE_1300_odd"
"A1000050261F29","d0798d7a-0bd9-4e1a-932b-80f7d2cd1116","4705 Wisconsin Ave NW",38.95091,-77.08059,340,"Wisconsin Ave NW","4705","odd","47","4700","Wisconsin Ave NW",179,0,"Wisconsin Ave NW_4700_odd"
"A10000438B4822","6c5d8317-753d-4bde-8fa2-8264bfcdc0bc","925 U St NW",38.91709,-77.025019,341,"U St NW","925","odd","9","900","U St NW",104,0,"U St NW_900_odd"
"A10000502618E9","aadf3ae2-96dc-408c-bfc2-8519dad32eab","924 U St NW",38.91697,-77.0252,342,"U St NW","924","even","9","900","U St NW",154,0,"U St NW_900_even"
"A10000438B4753","2826017d-1f3d-4d1e-bb88-bed4be1d461a","1115 U St NW",38.917087,-77.027219,343,"U St NW","1115","odd","11","1100","U St NW",79,0,"U St NW_1100_odd"
"A1000050261F09","739a586f-e52a-41a1-b211-c167aadab2e5","5720 Connecticut Ave NW",38.9666002620011,-77.0764968803751,344,"Connecticut Ave NW","5720","even","57","5700","Connecticut Ave NW",105,0,"Connecticut Ave NW_5700_even"
"A100005026185B","75ece904-acf9-4f1f-a58b-b3eff1e3af16","5532 Connecticut Ave NW",38.96411,-77.07529,345,"Connecticut Ave NW","5532","even","55","5500","Connecticut Ave NW",68,0,"Connecticut Ave NW_5500_even"
"A10000502617F5","17ce9876-168d-4c60-bb6f-dca23d6fe609","5201 Connecticut Ave NW",38.95786,-77.0715,346,"Connecticut Ave NW","5201","odd","52","5200","Connecticut Ave NW",180,0,"Connecticut Ave NW_5200_odd"
"A1000050261809","4988a60b-b60b-4f63-9465-f446eed7645a","4530 Wisconsin Ave NW",38.94901,-77.08041,347,"Wisconsin Ave NW","4530","even","45","4500","Wisconsin Ave NW",181,0,"Wisconsin Ave NW_4500_even"
"A1000050261EC7","f84ac480-3d83-437d-b754-f8f583d345fc","1359 U St NW",38.9169635917643,-77.0315191565122,348,"U St NW","1359","odd","13","1300","U St NW",83,0,"U St NW_1300_odd"
"A1000050261EEF","d612f01d-2c44-4b95-a804-f6420c92bb81","5078 Grant St NE",38.89841,-76.92754,349,"Grant St NE","5078","even","50","5000","Nannie Helen Burroughs Ave",182,1,"Grant St NE_5000_even"
"A1000050261880","ebc73306-dc48-4e84-8d94-f87eb4574efa","5300 E Capitol St NE",38.88979,-76.92586,350,"E Capitol St NE","5300","even","53","5300","E Capitol St",183,0,"E Capitol St NE_5300_even"
"A1000050261EC9","53a425a8-a6c9-4897-86d9-af824aa3c863","4525 Benning Rd SE",38.88864,-76.93715,351,"Benning Rd SE","4525","odd","45","4500","Benning Rd NE/SE",33,1,"Benning Rd SE_4500_odd"
"A1000050261F4E","91efe88c-8e4b-4475-ad62-38eb3d9b53e0","4123 Connecticut Ave NW",38.94279,-77.06289,352,"Connecticut Ave NW","4123","odd","41","4100","Connecticut Ave NW",147,0,"Connecticut Ave NW_4100_odd"
"A1000050261F35","169eb4f1-42c9-4af1-b95f-5593f02f71c4","4519 Wisconsin Ave NW",38.9483926585135,-77.0799083386567,353,"Wisconsin Ave NW","4519","odd","45","4500","Wisconsin Ave NW",152,0,"Wisconsin Ave NW_4500_odd"
"A1000050261F5C","468b3fc3-107c-474c-b51a-b09e728b3548","5055 Benning Rd SE",38.87679,-76.93126,354,"Benning Rd SE","5055","odd","50","5000","Benning Rd NE/SE",184,1,"Benning Rd SE_5000_odd"
"A1000050261B2C","ce4f1ed2-a34f-4449-abc2-0ccc0a55c0bd","4700 E Capitol St NE",38.88997,-76.93463,355,"E Capitol St NE","4700","even","47","4700","E Capitol St",185,0,"E Capitol St NE_4700_even"
"A1000050261F60","314dcce5-d292-498b-b6cf-1ed9b5aad23a","3800 Rodman St NW",38.93953,-77.07516,356,"Rodman St NW","3800","even","38","3800","Wisconsin Ave NW",186,1,"Rodman St NW_3800_even"
"A10000502617B4","e6f22fc5-4af0-4603-bda6-25af3c398a9b","2850 Connecticut Ave NW",38.92791,-77.05393,357,"Connecticut Ave NW","2850","even","28","2800","Connecticut Ave NW",69,0,"Connecticut Ave NW_2800_even"
"A1000050261EC3","4dafd854-0311-4cec-b462-795530f18fa8","4201 Benning Rd NE",38.89283,-76.94245,358,"Benning Rd NE","4201","odd","42","4200","Benning Rd NE/SE",118,1,"Benning Rd NE_4200_odd"
"A1000050261F7B","411f3fd6-0a8e-46e7-a877-79944f32f4bf","5116 Wisconsin Ave NW",38.9567743453883,-77.0836114865232,359,"Wisconsin Ave NW","5116","even","51","5100","Wisconsin Ave NW",135,1,"Wisconsin Ave NW_5100_even"
"A1000050261840","28e04a61-a12b-498f-b5bc-9785515783fa","4130 Wisconsin Ave NW",38.94183,-77.07612,360,"Wisconsin Ave NW","4130","even","41","4100","Wisconsin Ave NW",76,1,"Wisconsin Ave NW_4100_even"
"A1000050261ED2","f8e8c0d3-f6a5-4229-bc2d-8a04c4f3ccea","1702 U St NW",38.91702,-77.03866,361,"U St NW","1702","even","17","1700","U St NW",157,0,"U St NW_1700_even"
"A100005026170F","ec347346-834d-45ee-9c5f-953ee410e679","800 6th St NE",38.90035,-76.99838,362,"6th St NE","800","even","8","800","H St NE/Benning Rd NE",9,0,"6th St NE_800_even"
"A1000050261EB3","ac7c1adf-6bef-49d3-ab6e-e10e2fa10279","4505 Wisconsin Ave NW",38.9480671967157,-77.0798848053097,363,"Wisconsin Ave NW","4505","odd","45","4500","Wisconsin Ave NW",152,0,"Wisconsin Ave NW_4500_odd"
"A10000438B484F","800f41a0-3e8a-41a1-9c63-c84ab28b4965","925 U St NW",38.91704,-77.02547,364,"U St NW","925","odd","9","900","U St NW",104,0,"U St NW_900_odd"
"A1000050261E7D","85041d88-79ea-48ba-905b-cd697e3fb4ef","3500 Idaho Ave NW",38.93608,-77.0733,365,"Idaho Ave NW","3500","even","35","3500","Wisconsin Ave NW",187,1,"Idaho Ave NW_3500_even"
"A1000050261F7C","e3d61c62-fac3-4c56-bc8f-298c92f618e9","1523 Benning Rd NE",38.8998,-76.98254,366,"Benning Rd NE","1523","odd","15","1500","H St NE/Benning Rd NE",124,1,"Benning Rd NE_1500_odd"
"A100005026171F","3b1b70e1-d176-4dd1-83f5-4db186af25c9","2602 Connecticut Ave NW",38.92372,-77.05176,367,"Connecticut Ave NW","2602","even","26","2600","Connecticut Ave NW",18,1,"Connecticut Ave NW_2600_even"
"A1000050261DDF","31376e5d-31d3-4d4f-8bf2-87ff6b362695","1005 U St NW",38.9169554333069,-77.0262908335674,368,"U St NW","1005","odd","10","1000","U St NW",64,0,"U St NW_1000_odd"
"A1000050261B44","2d84d9bc-69da-497f-a15d-9d169e1d7ff8","3930 Connecticut Ave NW",38.9408190550944,-77.0615212533878,369,"Connecticut Ave NW","3930","even","39","3900","Connecticut Ave NW",188,1,"Connecticut Ave NW_3900_even"
"A1000050261F0B","b31d4559-72d8-475c-b30e-f669b0bcd144","727 7th St NE",38.90004,-76.99613,370,"7th St NE","727","odd","7","700","H St NE/Benning Rd NE",189,0,"7th St NE_700_odd"
"A1000050261B3B","afd8505f-bdfd-4eb5-9bc9-a71174eac429","1110 H St NE",38.9003,-76.99108,371,"H St NE","1110","even","11","1100","H St NE/Benning Rd NE",88,0,"H St NE_1100_even"
"A10000438B4883","132772d2-035a-4665-9dec-c16aeac6d82c","1301 U St NW",38.917086,-77.030965,372,"U St NW","1301","odd","13","1300","U St NW",83,0,"U St NW_1300_odd"
"A1000050261B31","0eab39f1-f682-44f2-a8db-000fe524cf3e","5207 Wisconsin Ave NW",38.95737,-77.08379,373,"Wisconsin Ave NW","5207","odd","52","5200","Wisconsin Ave NW",46,0,"Wisconsin Ave NW_5200_odd"
"A1000050261F79","b28af653-026b-4ba6-a960-029d46fe77f6","5601 Connecticut Ave NW",38.96505,-77.07552,374,"Connecticut Ave NW","5601","odd","56","5600","Connecticut Ave NW",35,1,"Connecticut Ave NW_5600_odd"
"A100005026186A","23351fd7-8418-451f-8bfe-0517a797c04e","801 9th St NE",38.90034,-76.99374,375,"9th St NE","801","odd","8","800","H St NE/Benning Rd NE",190,1,"9th St NE_800_odd"
"A10000502617F2","e8b09ef5-a50a-439c-8187-0d4e260dd800","1108 U St NW",38.91696,-77.02729,376,"U St NW","1108","even","11","1100","U St NW",122,1,"U St NW_1100_even"
"A1000050261713","eded67a2-ab64-4d1f-9540-1052c50b2ed8","3512 Connecticut Ave NW",38.936,-77.05893,377,"Connecticut Ave NW","3512","even","35","3500","Connecticut Ave NW",49,1,"Connecticut Ave NW_3500_even"
"A1000050261794","7fd289d9-4556-4f8b-8ddb-1560c13be629","4225 Connecticut Ave NW",38.9441393074866,-77.0635914693067,378,"Connecticut Ave NW","4225","odd","42","4200","Connecticut Ave NW",108,0,"Connecticut Ave NW_4200_odd"
"A1000050261724","0fe3b893-1742-4fd0-a355-284bd3010579","4932 Wisconsin Ave NW",38.95432,-77.08257,379,"Wisconsin Ave NW","4932","even","49","4900","Wisconsin Ave NW",142,0,"Wisconsin Ave NW_4900_even"
"A1000050261B62","e4200361-4415-4015-9f72-3bf1111e46b5","1214 H St NE",38.90018,-76.98964,380,"H St NE","1214","even","12","1200","H St NE/Benning Rd NE",36,0,"H St NE_1200_even"
"A1000050261768","287a6e01-c1c6-4715-a011-42c982a67188","4239 Wisconsin Ave NW",38.94468,-77.07774,381,"Wisconsin Ave NW","4239","odd","42","4200","Wisconsin Ave NW",40,0,"Wisconsin Ave NW_4200_odd"
"A1000050261835","c2d176bb-2f62-463a-903c-4091bc8aacda","3317 Connecticut Ave NW",38.933923,-77.057492,382,"Connecticut Ave NW","3317","odd","33","3300","Connecticut Ave NW",167,0,"Connecticut Ave NW_3300_odd"
"A100005026182B","9980f24b-cac1-4f49-a78b-559d584a251b","4607 Benning Rd SE",38.88607,-76.9359,383,"Benning Rd SE","4607","odd","46","4600","Benning Rd NE/SE",47,1,"Benning Rd SE_4600_odd"
"A1000050261F2A","835b901c-f262-45c7-b2d0-4c92fb2c9160","5601 Grant St NE",38.8983,-76.9201,384,"Grant St NE","5601","odd","56","5600","Nannie Helen Burroughs Ave",191,0,"Grant St NE_5600_odd"
"A1000050261DCC","ead069d2-ef1d-41c7-9cd9-7013fc948906","4200 Wisconsin Ave NW",38.94333,-77.07723,385,"Wisconsin Ave NW","4200","even","42","4200","Wisconsin Ave NW",166,1,"Wisconsin Ave NW_4200_even"
"A1000050261E1B","b89fbf56-a8a4-4107-89ba-9e0876e35bd3","1702 U St NW",38.9170669396551,-77.0385739650319,386,"U St NW","1702","even","17","1700","U St NW",157,0,"U St NW_1700_even"
"A100005026188E","a89f8f2f-3b28-430c-8ef7-b8868cc5995c","1540 Benning Rd NE",38.90018,-76.98269,387,"Benning Rd NE","1540","even","15","1500","H St NE/Benning Rd NE",175,1,"Benning Rd NE_1500_even"
"A1000050261807","8d70f9d0-9c32-4fe3-b858-ae3cc518fee3","4886 Nannie Helen Burroughs Ave",38.89874,-76.93184,388,"Nannie Helen Burroughs Ave","4886","even","48","4800","Nannie Helen Burroughs Ave",192,1,"Nannie Helen Burroughs Ave_4800_even"
"A1000050261EF3","d52c8461-f670-43df-a857-fc5382f0724c","900 H St NE",38.9001,-76.99367,389,"H St NE","900","even","9","900","H St NE/Benning Rd NE",61,1,"H St NE_900_even"
"A1000050261798","895e404a-fe7e-4612-9890-4f8c353e29cb","4707 Connecticut Ave NW",38.95198,-77.06808,390,"Connecticut Ave NW","4707","odd","47","4700","Connecticut Ave NW",81,0,"Connecticut Ave NW_4700_odd"
"A10000438B4876","6c95f1b2-ba49-4f2b-a6d1-a1ca2b508398","1301 U St NW",38.91709,-77.029848,391,"U St NW","1301","odd","13","1300","U St NW",83,0,"U St NW_1300_odd"
"A1000050261EB1","32800475-88fd-47fb-b8c3-24edfcd7158c","5429 Connecticut Ave NW",38.96226,-77.07406,392,"Connecticut Ave NW","5429","odd","54","5400","Connecticut Ave NW",161,1,"Connecticut Ave NW_5400_odd"
"A1000050261718","a4cd91c2-ef20-4451-a67c-66b930c273fc","1385 H St NE",38.9002,-76.98574,393,"H St NE","1385","odd","13","1300","H St NE/Benning Rd NE",52,1,"H St NE_1300_odd"
"A10000438B485A","b907b5d1-4f42-4b05-8f80-8c70680aaaaa","1401 U St NW",38.91709,-77.03225,394,"U St NW","1401","odd","14","1400","U St NW",193,1,"U St NW_1400_odd"
"A10000502618BA","e00ed082-3fd1-40c2-995a-9e512fcfc828","3423 Benning Rd NE",38.89627,-76.95667,395,"Benning Rd NE","3423","odd","34","3400","Benning Rd NE/SE",34,0,"Benning Rd NE_3400_odd"
"A100005026180E","e781c386-1691-465d-acb6-4494eceeaee2","922 U St NW",38.91695,-77.0248,396,"U St NW","922","even","9","900","U St NW",154,0,"U St NW_900_even"
"A10000502617AE","7a4af8fc-6830-4970-84e8-7805423e3e93","5720 Connecticut Ave NW",38.9666,-77.07679,397,"Connecticut Ave NW","5720","even","57","5700","Connecticut Ave NW",105,0,"Connecticut Ave NW_5700_even"
"A1000050261ECC","4825c277-7d5d-43b3-9b3a-7a639a73e32f","5437 Connecticut Ave NW",38.96295,-77.07433,398,"Connecticut Ave NW","5437","odd","54","5400","Connecticut Ave NW",161,1,"Connecticut Ave NW_5400_odd"
"A1000050261766","1e48d534-dda5-477c-8824-f1af5c91e217","1200 U St NW",38.9169659637625,-77.0282069482209,399,"U St NW","1200","even","12","1200","U St NW",194,1,"U St NW_1200_even"
"A100005026182C","9c1fe5df-851f-42f9-b161-02d30cd2816b","4529 Wisconsin Ave NW",38.94857,-77.07996,400,"Wisconsin Ave NW","4529","odd","45","4500","Wisconsin Ave NW",152,0,"Wisconsin Ave NW_4500_odd"
"A1000050261EB2","a4027a84-ff06-4777-b221-747e5b74358e","3827 Wisconsin Ave NW",38.93949,-77.07487,401,"Wisconsin Ave NW","3827","odd","38","3800","Wisconsin Ave NW",195,1,"Wisconsin Ave NW_3800_odd"
"A1000050261EA5","b6883019-85bb-4b32-b3ad-263303703760","2854 Connecticut Ave NW",38.92831,-77.05447,402,"Connecticut Ave NW","2854","even","28","2800","Connecticut Ave NW",69,0,"Connecticut Ave NW_2800_even"
"A1000050261E9A","1627c82c-e6c7-4da4-be11-61ee861f88dc","1830 Benning Rd NE",38.89888,-76.97617,403,"Benning Rd NE","1830","even","18","1800","H St NE/Benning Rd NE",117,0,"Benning Rd NE_1800_even"
"A1000050261F61","afc98fe6-4881-4b8b-b5e6-a42acb10cfa3","4528 Benning Rd SE",38.88919,-76.93719,404,"Benning Rd SE","4528","even","45","4500","Benning Rd NE/SE",196,1,"Benning Rd SE_4500_even"
"A1000050261E96","5fedc505-1648-4114-858e-ce0aa73525eb","5364 E Capitol St NE",38.88988,-76.92258,405,"E Capitol St NE","5364","even","53","5300","E Capitol St",183,0,"E Capitol St NE_5300_even"
"A100005026178E","91e1e15e-ee2a-4edf-8399-346926bc0f0a","729 10th St NE",38.90004,-76.99258,406,"10th St NE","729","odd","7","700","H St NE/Benning Rd NE",71,0,"10th St NE_700_odd"
"A1000050261B79","16d5022d-da2f-44eb-9859-092779ff6240","3917 Benning Rd NE",38.8941,-76.94688,407,"Benning Rd NE","3917","odd","39","3900","Benning Rd NE/SE",1,0,"Benning Rd NE_3900_odd"
"A100005026188D","158a3cc5-be94-4890-b7f9-ac1e92de5b96","3907 Benning Rd NE",38.89488,-76.94882,408,"Benning Rd NE","3907","odd","39","3900","Benning Rd NE/SE",1,0,"Benning Rd NE_3900_odd"
